brand_handle,post_id,post_url,posted_at,insta_likes_count,insta_comments_count,caption,brand
nfl,Dd7KJEkGucO,https://www.instagram.com/p/Dd7KJEkGucO/,2026-09-30T20:08:56.000Z,33404,804,Three RBs within 14 yards of each other at the top 👀,NFL
nfl,Dd37sM8kRCR,https://www.instagram.com/p/Dd37sM8kRCR/,2026-09-29T14:04:56.000Z,37921,846,"An AFC North rivalry takes the spotlight on TNF 😤

PITvsCLE – Thursday 8:15pm ET on Prime Video
Stream on @nflplus",NFL
sisu.design.studios,C5NDln4Os85,https://www.instagram.com/p/C5NDln4Os85/,2024-04-01T03:36:25.000Z,13,1,Wicked shoot for a wicked girl ! I am so unbelievably honored to have this amazing woman in my studio . #andywarhol #color #alternativefashion #model ,
sisu.design.studios,C5m_7AauZo1,https://www.instagram.com/p/C5m_7AauZo1/,2024-04-11T05:24:38.000Z,16,1,"Yup this turned out amazing !!!!!!! Use what you got and make it work !!!!!!!!! Of course having a model like @etrade makes it very easy , but there i",
nfl,Dd442kyvGtS,https://www.instagram.com/p/Dd442kyvGtS/,2026-09-29T22:59:55.000Z,180883,1843,@jaxsnj still No. 1 🙌,NFL
nfl,Dd7FPz5GgDA,https://www.instagram.com/p/Dd7FPz5GgDA/,2026-09-30T19:26:10.000Z,38224,1102,"@jalondaniels6 is looking to be the thermostat this Sunday 🥵 (via @sarawalsh10)

GBvsTB – Sunday 1:00pm ET on FOX/FOX One
Stream on @nflplus",NFL
sisu.design.studios,C5Px9-pO7gg,https://www.instagram.com/p/C5Px9-pO7gg/,2024-04-02T05:00:10.000Z,16,1,"Damn I keep outdoing myself :) , inspiration was Japanese Folklore Mythology. Hope you enjoy it . That long wig wasn’t fun to work with so if anyone i",
nfl,Dd6tsWfGQ-R,https://www.instagram.com/p/Dd6tsWfGQ-R/,2026-09-30T16:00:02.000Z,115045,1153,AFC & NFC Players of the Week! (Week 3),NFL
tyler_loop,Dd7FHTOJ7_P,https://www.instagram.com/p/Dd7FHTOJ7_P/,2026-09-30T19:30:24.000Z,12155,89,🗣️ SIUUU!!,
nfl,Dd67QqghFco,https://www.instagram.com/p/Dd67QqghFco/,2026-09-30T17:59:23.000Z,45035,569,Greg Rousseau has two sacks in every game this season 😤,NFL
nfl,Dd6t5HnlAsq,https://www.instagram.com/p/Dd6t5HnlAsq/,2026-09-30T16:02:05.000Z,90813,1313,"Packers placing WR Jayden Reed (neck) on injured reserve, out indefinitely. (via @adamschefter)

📷: Jeffrey Phelps/AP",NFL
nfl,Dd6eSQvkaBu,https://www.instagram.com/p/Dd6eSQvkaBu/,2026-09-30T13:45:43.000Z,22951,961,"Steelers. Browns. TNF 🏈

PITvsCLE – Thursday 8:15pm ET on Prime Video
Stream on @nflplus",NFL
nfl,Dd4yMesmhv8,https://www.instagram.com/p/Dd4yMesmhv8/,2026-09-29T22:01:12.000Z,29999,608,Raise your hand if you drafted Jahmyr Gibbs first overall 🙋,NFL
sisu.design.studios,C51GQnDOkQV,https://www.instagram.com/p/C51GQnDOkQV/,2024-04-16T16:49:23.000Z,18,0,Another crazy day in Aiken with the wonderful @etrade. My flower room keeps growing . Thank you for all the contributions to this garden of mine. #flo,
toyota,DdsVndIiJuW,https://www.instagram.com/p/DdsVndIiJuW/,2026-09-25T02:00:36.000Z,41005,433,"Attention-getters assemble.

Photos by @theyellowcomet and @rdhd.fotos.

If you want to be featured, add #Toyotagram in your post.

#TOYOTA #GRSupra #",Toyota
toyota,DdknMPxiKj8,https://www.instagram.com/p/DdknMPxiKj8/,2026-09-22T02:00:15.000Z,6776,150,"Carefully constructed for the carefree.

#TOYOTA #YarisCross #SUV #HybridCar #BeyondZero",Toyota
toyota,Ddu6XPjjq6p,https://www.instagram.com/p/Ddu6XPjjq6p/,2026-09-26T02:00:10.000Z,8335,127,"More beautiful mornings.

#TOYOTA #CHR #SUV #HybridCar #BeyondZero",Toyota
toyota,Dd5NkaujRya,https://www.instagram.com/p/Dd5NkaujRya/,2026-09-30T02:00:24.000Z,17323,244,"The road to real experiences.

#TOYOTA #LandCruiser250 #SUV",Toyota
nfl,Dd7CpAVD-tf,https://www.instagram.com/p/Dd7CpAVD-tf/,2026-09-30T19:03:23.000Z,28142,516,"Back when we were just getting used to George Pickens’ insane plays 🔥

PITvsCLE – Thursday 8:15pm ET on Prime Video
Stream on @NFLPlus",NFL
nfl,Dd7XUaKyRZw,https://www.instagram.com/p/Dd7XUaKyRZw/,2026-09-30T22:05:07.000Z,4367,245,"Falcons, DT Gervon Dexter agree to four-year, $78M extension. (via @adamschefter)

📸: Joe Robbins/AP",NFL
nfl,Dd4zHKlS6Ra,https://www.instagram.com/p/Dd4zHKlS6Ra/,2026-09-29T22:11:04.000Z,153354,1543,NFC South QBs lead the way in passing yards.,NFL
toyota,DdnL-kCjGTY,https://www.instagram.com/p/DdnL-kCjGTY/,2026-09-23T02:00:10.000Z,15184,184,"Sweet days are made of this.

#TOYOTA #bZ4X #ElectricVehicle #SUV #BeyondZero",Toyota
toyota,DdISjP5iecE,https://www.instagram.com/p/DdISjP5iecE/,2026-09-11T02:01:09.000Z,55452,518,"Doesn't need light to shine.

Photos by @ju.ryoku.

If you want to be featured, add #Toyotagram in your post.

#TOYOTA #GRSupra #SportsCar",Toyota
toyota,DdVKagQjelt,https://www.instagram.com/p/DdVKagQjelt/,2026-09-16T02:00:11.000Z,12019,243,"The lap of luxury.

#TOYOTA #Camry #Sedan #HybridCar #BeyondZero",Toyota
joshdowns,Dd4-xC7ivAf,https://www.instagram.com/p/Dd4-xC7ivAf/,2026-09-29T23:52:04.000Z,9724,557,Overseas vibes. Let’s do it 🥷🏽,
toyota,Ddc4zzvDfgb,https://www.instagram.com/p/Ddc4zzvDfgb/,2026-09-19T02:00:16.000Z,29479,418,"Dive into the every season.

#TOYOTA #LandCruiser250 #SUV",Toyota
toyota,DdSln0ViJ1T,https://www.instagram.com/p/DdSln0ViJ1T/,2026-09-15T02:00:12.000Z,6633,142,"Crown the streets.

#TOYOTA #CrownEstate #SUV #HybridCar #BeyondZero",Toyota
doritos,DdjwTj_DPdq,https://www.instagram.com/p/DdjwTj_DPdq/,2026-09-21T18:03:39.000Z,322,42,you know anyone who deserves Doritos?​,Doritos
doritos,DdRutLQm95t,https://www.instagram.com/p/DdRutLQm95t/,2026-09-14T18:00:29.000Z,348,48,you always remember your first bite​,Doritos
pepsi,Dd7TdBBsdox,https://www.instagram.com/p/Dd7TdBBsdox/,2026-09-30T21:30:53.000Z,87,4,"Level up them groceries!

#shopping #groceries #pepsi",Pepsi
toyota,DdAkE0bCSdP,https://www.instagram.com/p/DdAkE0bCSdP/,2026-09-08T02:00:21.000Z,14754,156,"Every line has a purpose.

#TOYOTA #bZ4XTouring #ElectricVehicle #SUV #BeyondZero",Toyota
toyota,Dd2oxlcEYGq,https://www.instagram.com/p/Dd2oxlcEYGq/,2026-09-29T02:00:03.000Z,8685,211,"Transcend the times.

#TOYOTA #Celica #SportsCar #ClassicCar
Created by WIT COLLECTIVE",Toyota
doritos,DdW4T2lCawl,https://www.instagram.com/p/DdW4T2lCawl/,2026-09-16T18:03:41.000Z,1175,78,mentally we're here​,Doritos
pepsi,Ddud2EHOmxf,https://www.instagram.com/p/Ddud2EHOmxf/,2026-09-25T21:51:04.000Z,794,24,"if you know a libra, you know",Pepsi
pepsi,Dd2JVctswcK,https://www.instagram.com/p/Dd2JVctswcK/,2026-09-28T21:26:07.000Z,39272,1482,"Sorry, I can’t hear you over my main character energy",Pepsi
nfl,Ddz1En-AKJT,https://www.instagram.com/p/Ddz1En-AKJT/,2026-09-27T23:51:09.000Z,125874,2064,🗣️ LETSSS GOOOO,NFL
nfl,Dd67poQw-PB,https://www.instagram.com/p/Dd67poQw-PB/,2026-09-30T18:03:21.000Z,23135,325,Gotta love the belief coach had in his guy 💯,NFL
nfl,Dd7JcQsB49y,https://www.instagram.com/p/Dd7JcQsB49y/,2026-09-30T20:04:27.000Z,7216,354,@garrettwilson truthers come to the front 😤,NFL
nfl,Dd7QR-nMsNR,https://www.instagram.com/p/Dd7QR-nMsNR/,2026-09-30T21:03:39.000Z,10718,196,@sterlingshepard is a W teammate 🫶,NFL
nfl,Dd4xKVvBTRE,https://www.instagram.com/p/Dd4xKVvBTRE/,2026-09-29T21:54:10.000Z,31891,439,just a human bulldozer 🚜,NFL
nfl,Dd67gSTT_vo,https://www.instagram.com/p/Dd67gSTT_vo/,2026-09-30T18:02:05.000Z,82410,1354,"@jjmccarthy rocking number 1️⃣8️⃣ for the @nygiants 

(via @snygiants/X)",NFL
nfl,Dd64fAUNFln,https://www.instagram.com/p/Dd64fAUNFln/,2026-09-30T17:37:13.000Z,28519,656,Check out the top 5 plays from Week 3!,NFL
nfl,Dd7IS6fS_lO,https://www.instagram.com/p/Dd7IS6fS_lO/,2026-09-30T20:06:05.000Z,7769,251,@brock.purdy13 dropped that in the bucket for @mikeevans ‼️,NFL
nfl,Dd6qclnRZYD,https://www.instagram.com/p/Dd6qclnRZYD/,2026-09-30T15:33:07.000Z,152198,5081,There’s a new No. 1 heading into Week 4 👀,NFL
nfl,Dd7QZWkvYNo,https://www.instagram.com/p/Dd7QZWkvYNo/,2026-09-30T21:04:50.000Z,6378,357,"The NFC Defensive Player of the Week is taking his talents to London 🇬🇧 

INDvsWAS – Sunday 9:30am ET on NFL Network
Stream on @nflplus",NFL
toyota,Dc41w1vDJGU,https://www.instagram.com/p/Dc41w1vDJGU/,2026-09-05T02:00:59.000Z,12785,166,"Where exhilaration lives.

#TOYOTA #YarisCross #SUV  #HybridCar #GRSport",Toyota
doritos,DdzhD3sF1lp,https://www.instagram.com/p/DdzhD3sF1lp/,2026-09-27T20:57:08.000Z,1580,210,which one you got?? ⬇️,Doritos
toyota,DdDI8CFFsrv,https://www.instagram.com/p/DdDI8CFFsrv/,2026-09-09T02:00:57.000Z,13974,177,"Too much utility to fit in one frame.

#TOYOTA #RAV4 #SUV #PHEV #BeyondZero",Toyota
nfl,Dd4wZXjN-8D,https://www.instagram.com/p/Dd4wZXjN-8D/,2026-09-29T21:46:56.000Z,67501,966,look at Caleb in the back 😭,NFL
pepsi,Ddpfu0DDpwM,https://www.instagram.com/p/Ddpfu0DDpwM/,2026-09-23T23:31:16.000Z,3198,71,POV: you just unlocked a core memory,Pepsi
pepsi,Ddl122AOmV2,https://www.instagram.com/p/Ddl122AOmV2/,2026-09-22T13:28:25.000Z,14881,1262,"There’s only 1 right answer

 #pepsi",Pepsi
toyota,DdiCYg1hFSw,https://www.instagram.com/p/DdiCYg1hFSw/,2026-09-21T02:00:04.000Z,6314,162,"A double take every single time.

#TOYOTA #Camry #Sedan #HybridCar #BeyondZero",Toyota
toyota,Dc9_U_5hBvK,https://www.instagram.com/p/Dc9_U_5hBvK/,2026-09-07T02:00:07.000Z,5194,61,"A smooth drive when the rest of life isn’t.

#TOYOTA #LandCruiser250 #SUV",Toyota
toyota,DL2QT9Wovoh,https://www.instagram.com/p/DL2QT9Wovoh/,2025-07-08T13:01:57.000Z,43847,1061,"If we can’t understand how we got here, we can’t dream about where we’re going.

#TOYOTA #classiccar #flipbook",Toyota
toyota,DdpwyFShOcu,https://www.instagram.com/p/DdpwyFShOcu/,2026-09-24T02:00:06.000Z,8736,244,"Livin' large lakeside.

#TOYOTA #LandCruiser300 #SUV",Toyota
toyota,Dd0EFT-AWd2,https://www.instagram.com/p/Dd0EFT-AWd2/,2026-09-28T02:01:38.000Z,9581,169,"Quick!

#TOYOTA #GR86 #SportsCar",Toyota
toyota,DZJsYizFPKS,https://www.instagram.com/p/DZJsYizFPKS/,2026-06-04T05:00:52.000Z,12980,855,"Warming saunas.
Roasting coffee.
Powering musical instruments.

Hydrogen is steadily growing in presence, as one of the energy sources that supports e",Toyota
toyota,DdaUAA3hzm9,https://www.instagram.com/p/DdaUAA3hzm9/,2026-09-18T02:00:04.000Z,15057,299,"A look at a legend.

Video by @yotas_tj_oficial.

If you want to be featured, add #Toyotagram in your post.

#TOYOTA #Hilux #Pickup #ClassicCar",Toyota
toyota,DdFtocOhicB,https://www.instagram.com/p/DdFtocOhicB/,2026-09-10T02:00:06.000Z,10213,213,"It’ll make your head spin.

 #TOYOTA #GR86 #SportsCar",Toyota
pepsi,DdjpwvNsGd2,https://www.instagram.com/p/DdjpwvNsGd2/,2026-09-21T17:05:20.000Z,984,25,"Real ones know

#pepsi #cola #goated",Pepsi
doritos,Ddo5269jCEj,https://www.instagram.com/p/Ddo5269jCEj/,2026-09-23T18:00:27.000Z,273,46,this wait is unbearable​,Doritos
pepsi,DdwwV4psqDf,https://www.instagram.com/p/DdwwV4psqDf/,2026-09-26T19:11:32.000Z,651,31,"Sound on to hear goblin mode!

#thirsty #pepsi #cola",Pepsi
pepsi,Ddq_vdkurtX,https://www.instagram.com/p/Ddq_vdkurtX/,2026-09-24T13:31:33.000Z,697,25,Cuz ik everyone will be wishing they packed some,Pepsi
pepsi,Dd30HqmuAS4,https://www.instagram.com/p/Dd30HqmuAS4/,2026-09-29T12:59:49.000Z,228,10,"Yes, only $30! At Drybar! For new clients! Sept. 1–30, 2026.
Use code: PEPSIPREGAME to redeem when booking with Drybar",Pepsi
pepsi,DdtgxrhO-oo,https://www.instagram.com/p/DdtgxrhO-oo/,2026-09-25T12:59:13.000Z,297,13,"Nothing hits quite like that scalp rinse sound. 🫧 New Drybar clients can get their first blowout for $30, all September long. Plus 30% off Pepsi Prebi",Pepsi
pepsi,DdsJUphuQ7H,https://www.instagram.com/p/DdsJUphuQ7H/,2026-09-25T00:14:34.000Z,310,25,The Bus is making his last meal count.,Pepsi
pepsi,Dd4wj_PsTvC,https://www.instagram.com/p/Dd4wj_PsTvC/,2026-09-29T21:47:14.000Z,373,17,"This is rhetorical, I’m already otw 🚗",Pepsi
pepsi,DdWaJYGOnwi,https://www.instagram.com/p/DdWaJYGOnwi/,2026-09-16T13:37:38.000Z,2844,43,Tag the person with this hidden talent 😏,Pepsi
doritos,DdZcm0Zkiy-,https://www.instagram.com/p/DdZcm0Zkiy-/,2026-09-17T18:02:04.000Z,152,19,who is this diva? 🌶️✨​,Doritos
doritos,DdblVA3R2YU,https://www.instagram.com/p/DdblVA3R2YU/,2026-09-18T13:52:32.000Z,703,112,we said what we said 🗣️,Doritos
doritos,DdwnqyoDLOo,https://www.instagram.com/p/DdwnqyoDLOo/,2026-09-26T18:01:04.000Z,360,27,POV: my boss told me to go check on them,Doritos
doritos,DdmUlr5neuz,https://www.instagram.com/p/DdmUlr5neuz/,2026-09-22T18:00:39.000Z,617,65,pickles 🤝 Doritos​,Doritos
pepsi,DdhNicFM5sU,https://www.instagram.com/p/DdhNicFM5sU/,2026-09-20T18:20:07.000Z,378,14,"Sunday is for the three Rs Rest, Relaxation, and Football

#pepsi #football #sundays",Pepsi
pepsi,DdSQU65O6PO,https://www.instagram.com/p/DdSQU65O6PO/,2026-09-14T22:54:43.000Z,502,23,Best Dramatic Performance goes to Pepsi!,Pepsi
doritos,DdHa9rlExhn,https://www.instagram.com/p/DdHa9rlExhn/,2026-09-10T18:01:53.000Z,161,40,"me: one margarita and i'm heading home​
also me at 12:01am: 
#MidnightMarg

Please drink responsibly",Doritos
pepsi,DdmHCMyuSuc,https://www.instagram.com/p/DdmHCMyuSuc/,2026-09-22T15:58:18.000Z,529,21,Get that sunscreen outta my face and hand me a pumpkin 🎃🥧,Pepsi
doritos,DdUS8malWJ5,https://www.instagram.com/p/DdUS8malWJ5/,2026-09-15T18:01:54.000Z,267,38,who donated this?? be serious​,Doritos
pepsi,DT8c1GmDkCe,https://www.instagram.com/p/DT8c1GmDkCe/,2026-01-25T19:00:00.000Z,24077,902,Is Pepsi actually the 🐐 Cola? Let’s break down the numbers #PepsiPartner,Pepsi
pepsi,DdbiQb0uMV4,https://www.instagram.com/p/DdbiQb0uMV4/,2026-09-18T13:24:54.000Z,1293,69,I know what’s at the top of my hierarchy of needs!,Pepsi
pepsi,DdUYK_2lC-C,https://www.instagram.com/p/DdUYK_2lC-C/,2026-09-15T18:41:37.000Z,255189,407,trust the process 🫡,Pepsi
pepsi,DdopStYOLBq,https://www.instagram.com/p/DdopStYOLBq/,2026-09-23T15:36:37.000Z,943,37,"Crack one open for a sweet dream!

#routine #nightmares #sleep",Pepsi
toyota,DdXvR_TheC9,https://www.instagram.com/p/DdXvR_TheC9/,2026-09-17T02:00:07.000Z,11924,626,"Drift away.

#TOYOTA #Celica #SportsCar #ClassicCar
Created by WIT COLLECTIVE",Toyota
pepsi,DdRhkrauvjE,https://www.instagram.com/p/DdRhkrauvjE/,2026-09-14T16:06:36.000Z,3601,48,Practice makes perfect 🙂‍↕️,Pepsi
pepsi,DdT72z0Oz8z,https://www.instagram.com/p/DdT72z0Oz8z/,2026-09-15T14:34:54.000Z,19732,273,"Bills Mafia, this one’s for you. 🦬💙❤️
A limited-edition Pepsi can celebrating the new Highmark Stadium, featuring Josh Allen’s printed signature. #Pep",Pepsi
toyota,DdQA93njKXQ,https://www.instagram.com/p/DdQA93njKXQ/,2026-09-14T02:01:43.000Z,5611,143,"Stay open to adventure.

#TOYOTA #LandCruiser250 #SUV",Toyota
doritos,Ddemqz7F5VL,https://www.instagram.com/p/Ddemqz7F5VL/,2026-09-19T18:00:23.000Z,578,66,"new skincare routine just dropped​ 
#FakeProduct",Doritos
pepsi,Ddy9JdNOg4A,https://www.instagram.com/p/Ddy9JdNOg4A/,2026-09-27T15:41:42.000Z,927,59,Can’t be mad while drinking Pepsi 😏,Pepsi
doritos,Dct5UeblDzJ,https://www.instagram.com/p/Dct5UeblDzJ/,2026-08-31T20:00:33.000Z,362,209,tell us ur name down below 🏈⬇️,Doritos
cocacola,DdZdWDClyck,https://www.instagram.com/p/DdZdWDClyck/,2026-09-17T18:02:41.000Z,59482,373,"And a side of fries, pretty please",Coca-Cola
cocacola,DbVyP8kjge4,https://www.instagram.com/p/DbVyP8kjge4/,2026-07-28T14:45:28.000Z,3190,5988,"All smiles when there’s Coke in the color palette 

📸 @hann_berkk @cristopherreyesss @morganellinor",Coca-Cola
doritos,Dc1QO3iDYYJ,https://www.instagram.com/p/Dc1QO3iDYYJ/,2026-09-03T16:37:33.000Z,312,30,just in case you forgot,Doritos
toyota,Dc2Q33DDaQZ,https://www.instagram.com/p/Dc2Q33DDaQZ/,2026-09-04T02:00:09.000Z,8096,129,"Make every drive less hard.​
​
#TOYOTA #FT3e​
#ElectricVehicle #Mobility #BeyondZero",Toyota
pepsi,DdO8SOJFQv9,https://www.instagram.com/p/DdO8SOJFQv9/,2026-09-13T16:01:37.000Z,1015,42,Woah this really hits different!,Pepsi
cocacola,Db--Mvljt-C,https://www.instagram.com/p/Db--Mvljt-C/,2026-08-13T14:38:45.000Z,3591,2280,Tacos and a Coke? Only on the days that end in a “y”,Coca-Cola
cocacola,DcZARfHlFoZ,https://www.instagram.com/p/DcZARfHlFoZ/,2026-08-23T17:17:08.000Z,4917,457,Late night bites hit different in the summertime. Top it off with a Coke and we’ve got our ideal One Summer Night.,Coca-Cola
doritos,DdCR8HmFDBP,https://www.instagram.com/p/DdCR8HmFDBP/,2026-09-08T18:00:30.000Z,4194,259,this is a personality test btw​,Doritos
doritos,Dc6VQalAM8r,https://www.instagram.com/p/Dc6VQalAM8r/,2026-09-05T16:00:52.000Z,227,46,get out me swamp,Doritos
doritos,DcjYq25iaZ2,https://www.instagram.com/p/DcjYq25iaZ2/,2026-08-27T18:04:59.000Z,2358,120,brb making this my purse,Doritos
cocacola,DcTxd_glCfp,https://www.instagram.com/p/DcTxd_glCfp/,2026-08-21T16:31:34.000Z,3916,352,"A pool party, bonfire, movie night and a Coke? Summer magic is unmatched. This is One Summer Night.",Coca-Cola
cocacola,DdUPdrblDsd,https://www.instagram.com/p/DdUPdrblDsd/,2026-09-15T17:25:04.000Z,3678,158,"The sun is still out so we’re still allowed to have a Coke on the beach btw

📸 @presleymartzall @mandi.bagley @davids.digitals",Coca-Cola
pepsi,DdY6EQaOL3e,https://www.instagram.com/p/DdY6EQaOL3e/,2026-09-17T12:57:12.000Z,31386,340,lemme get a sippy sip,Pepsi
doritos,Dcy0odXgD5e,https://www.instagram.com/p/Dcy0odXgD5e/,2026-09-02T18:02:21.000Z,352,49,✨ chipcuterie but make it Doritos ✨​,Doritos
doritos,Dc3tox3xz7F,https://www.instagram.com/p/Dc3tox3xz7F/,2026-09-04T15:30:06.000Z,523,49,"🚨BREAKING NEWS🚨 Doritos Hot Honey Nachos are now available at @subway for a limited time 🔺

*At participating U.S. restaurants. Prices higher in AK & ",Doritos
doritos,DdE2S0xCtTC,https://www.instagram.com/p/DdE2S0xCtTC/,2026-09-09T18:02:04.000Z,457,86,10/10 every time​,Doritos
cocacola,DcO6yqKJPV1,https://www.instagram.com/p/DcO6yqKJPV1/,2026-08-19T19:17:14.000Z,4084,486,"Thick sandwich, ice-cold Coke, preferably enjoyed seaside 🏖️",Coca-Cola
cocacola,DcwNJb4lHAj,https://www.instagram.com/p/DcwNJb4lHAj/,2026-09-01T17:32:10.000Z,14061,501,"It’s all in the details ❤️

📸 @jodiefeeneyobrien @lecysphotodump @aurabyabigailkate",Coca-Cola
cocacola,DcltPhNjhZz,https://www.instagram.com/p/DcltPhNjhZz/,2026-08-28T15:40:58.000Z,2751,507,"We can’t go through summer without hitting the boardwalk classics: games, rides, and an ice-cold Coke. This is One Summer Night.",Coca-Cola
doritos,Dcgrlk4jtUG,https://www.instagram.com/p/Dcgrlk4jtUG/,2026-08-26T16:57:56.000Z,266,20,the 2nd one was an alley oop,Doritos
hyundai,Dd4gBJHlwC0,https://www.instagram.com/p/Dd4gBJHlwC0/,2026-09-29T22:00:01.000Z,1825,24,"Bold of you to swipe.
Bold of you to go beyond.
More capable and connected than ever, this car might just be for you.
Witness the World Premiere of Th",Hynudai
doritos,Dc_tJfsCev4,https://www.instagram.com/p/Dc_tJfsCev4/,2026-09-07T18:02:42.000Z,1821,96,learned something new today fr​,Doritos
toyota,DdK3UYNDGrY,https://www.instagram.com/p/DdK3UYNDGrY/,2026-09-12T02:00:55.000Z,34212,387,"Face any obstacle.

#TOYOTA #LandCruiser300 #SUV",Toyota
hyundai,DdXvMSqDc5R,https://www.instagram.com/p/DdXvMSqDc5R/,2026-09-17T02:00:09.000Z,191792,2032,⚡,Hynudai
doritos,DcwCqVKFL2u,https://www.instagram.com/p/DcwCqVKFL2u/,2026-09-01T16:00:40.000Z,1331,63,what would it take for you to go?,Doritos
hyundai,Ddi5UO8DdN4,https://www.instagram.com/p/Ddi5UO8DdN4/,2026-09-21T10:00:11.000Z,1490,26,"No matter how you pack, the IONIQ 9 has room for it.",Hynudai
hyundai,DdTCQUEnO98,https://www.instagram.com/p/DdTCQUEnO98/,2026-09-15T08:00:01.000Z,3364,381,Is our watchlist ok? Add your recommandation in the comments.,Hynudai
hyundai,DdlXPx0FgWU,https://www.instagram.com/p/DdlXPx0FgWU/,2026-09-22T09:00:22.000Z,18710,30,Your plans don't come with limits. Neither does the PALISADE. Room for whatever comes next.,Hynudai
cocacola,Ddg-hFpN-LF,https://www.instagram.com/p/Ddg-hFpN-LF/,2026-09-20T16:08:08.000Z,3275,380,"Hot days call for an ice cold Coke.
REGGIE IN THE SUMMER: A new series shot on @kodak Super 8 Film with @seck2x and @danielforbesjr. Coming soon.",Coca-Cola
cocacola,Dc4QUsdo5Kf,https://www.instagram.com/p/Dc4QUsdo5Kf/,2026-09-05T15:00:02.000Z,3779,455,"New places, familiar tastes

📸 @santillo_antonio @belluccia @janakiengineer @mariasimonetto @anisha_karki11",Coca-Cola
cocacola,DceL8eHFJFJ,https://www.instagram.com/p/DceL8eHFJFJ/,2026-08-25T17:35:19.000Z,3541,430,"The hang can happen anywhere, so long as someone brings the Coca-Cola and a guitar. This is One Summer Night.",Coca-Cola
hyundai,DchyjVDIOw7,https://www.instagram.com/p/DchyjVDIOw7/,2026-08-27T08:00:01.000Z,1353,34,When the IONIQ 6 matches your summer mood.,Hynudai
hyundai,Dc-FlTnj9UX,https://www.instagram.com/p/Dc-FlTnj9UX/,2026-09-07T02:55:26.000Z,39175,42,"10 honors across diverse fields of design. ✨
See where Hyundai earned recognition at the 2026 IDEA Awards.",Hynudai
hyundai,Dd1By8kkfZV,https://www.instagram.com/p/Dd1By8kkfZV/,2026-09-28T11:01:05.000Z,13686,35,"A bold new era is about to begin.
The all-new TUCSON is coming to redefine everything you know about SUVs and change the game.
Are you ready to go bol",Hynudai
hyundai,DdnL1LbPH1Z,https://www.instagram.com/p/DdnL1LbPH1Z/,2026-09-23T02:00:15.000Z,313,16,"Opening tomorrow at the New Museum (@newmuseum): ""Hyundai Translocal Series: Ho Tzu Nyen.”

Launching the collaboration between the New Museum and the",Hynudai
hyundai,Dd5zcXFgeyp,https://www.instagram.com/p/Dd5zcXFgeyp/,2026-09-30T08:00:03.000Z,562,8,"Training for the future. 🤖

Learning. Validating. Scaling.

Atlas starts here.

#BostonDynamics #Bloomberg #Atlas #Robotics #RMAC",Hynudai
hyundai,DdrcIlWjIB8,https://www.instagram.com/p/DdrcIlWjIB8/,2026-09-25T08:00:03.000Z,31764,33,Let your Hyundai power your everyday life with our V2L Technology.,Hynudai
hyundai,DcbFiPTjjSF,https://www.instagram.com/p/DcbFiPTjjSF/,2026-08-24T12:42:05.000Z,1475,26,"10 Red Dot Awards, including one Best of the Best.
Design that moves humanity forward and goes beyond vehicles.",Hynudai
hyundai,DdaompQgoU-,https://www.instagram.com/p/DdaompQgoU-/,2026-09-18T05:00:44.000Z,124422,57,The SANTA FE's got room for whatever the trip adds along the way.,Hynudai
hyundai,DciNLM2AUaH,https://www.instagram.com/p/DciNLM2AUaH/,2026-08-27T07:03:50.000Z,387,12,"For this year’s Korean Pavilion(@korean_pavilion) at La Biennale di Venezia, curator Binna Choi (@choi.binna) turned to a pivotal moment of Korean his",Hynudai
hyundai,Dd5zU-SiJa3,https://www.instagram.com/p/Dd5zU-SiJa3/,2026-09-30T08:01:02.000Z,319,12,"The humanoid race is on. 🤖

Built by Boston Dynamics. Scaled with Hyundai Motor Group.

Bloomberg gets an inside look at how Atlas is training for rea",Hynudai
hyundai,DcbEeW3lALM,https://www.instagram.com/p/DcbEeW3lALM/,2026-08-25T01:00:04.000Z,1085,35,"""Adventure means exploring, learning new things and there are no limits here... except for the speed limit""

The thrill of the unknown is what makes e",Hynudai
hyundai,Dd5zYftDBsU,https://www.instagram.com/p/Dd5zYftDBsU/,2026-09-30T08:02:02.000Z,196,7,"Stretch proved it.

Spot scaled it.

Atlas is already charting its path forward. 🤖

#BostonDynamics #Bloomberg #Atlas #Robotics #RMAC",Hynudai
cocacola,DbI4wCjDn9w,https://www.instagram.com/p/DbI4wCjDn9w/,2026-07-23T14:32:09.000Z,10888,1950,"That’s a wrap on Coca-Cola red cards. Thanks for helping us make red cards a good thing this summer 🟥⚽🥤

📸 @twokeii",Coca-Cola
cocacola,DbHP4OPifBc,https://www.instagram.com/p/DbHP4OPifBc/,2026-07-22T23:15:46.000Z,2220,971,A lineup that loves the game as much as we do ⚽️➡️ #FIFAWorldCup,Coca-Cola
hyundai,DcktGLLI6c1,https://www.instagram.com/p/DcktGLLI6c1/,2026-08-28T08:00:01.000Z,9931,117,"Some things were never meant to blend in.

And it shows. ❤️‍🔥

🚗@steezynickel

@hyundai_n_worldwide
#HyundaiN #HighPerformance #IONIQ5N #HighPerforman",Hynudai
cocacola,DbBvwQ-Cd5V,https://www.instagram.com/p/DbBvwQ-Cd5V/,2026-07-20T19:58:52.000Z,8602,533,A match day worth reliving 🥤⚽ #FIFAWorldCup,Coca-Cola
hyundai,DdD4Mk0FHgr,https://www.instagram.com/p/DdD4Mk0FHgr/,2026-09-09T08:54:24.000Z,527,21,"Where science, technology, and spirituality intersect, new ways of understanding the world emerge.

Hyundai Blue Prize+'s “Prayers to Fornax: Science,",Hynudai
mountaindew,Dclxv84RQ5b,https://www.instagram.com/p/Dclxv84RQ5b/,2026-08-28T16:21:09.000Z,2079,277,This is a near impossible decision #mountaindew #doritos #snacks,
hyundai.europe,Dc-T2GfoC2F,https://www.instagram.com/p/Dc-T2GfoC2F/,2026-09-07T05:00:13.000Z,56987,92,"UEFA Champions League nights are about to move differently. 👀​⁣
⁣
Hyundai is becoming the Official Automotive Partner of the UEFA Champions League, st",
cocacola,Dan4Wk7pMxj,https://www.instagram.com/p/Dan4Wk7pMxj/,2026-07-10T18:55:25.000Z,9560,281,Catching up on the stoop with an ice-cold Coke. A classic American tradition.,Coca-Cola
cocacola,DayDDgWkv7B,https://www.instagram.com/p/DayDDgWkv7B/,2026-07-14T18:40:00.000Z,2689,283,"This, a hot dog, and a cold Coca-Cola

📸 @jeijay_",Coca-Cola
hyundai.europe,DdHsqF_GUTg,https://www.instagram.com/p/DdHsqF_GUTg/,2026-09-10T20:30:18.000Z,5316,31,"And just like that, Matchday 1 is done. 🏆⁣
⁣
The UEFA Champions League is back. The first moments are made. And there’s plenty more to come.⁣
This is ",
cocacola,Da6Cfy8JuHP,https://www.instagram.com/p/Da6Cfy8JuHP/,2026-07-17T20:09:08.000Z,7998,471,"Things that never go out of style: picnics, good friends, an ice-cold Coke, and a summer sunset.",Coca-Cola
cocacola,Dax6ozkufSd,https://www.instagram.com/p/Dax6ozkufSd/,2026-07-14T16:27:21.000Z,2635,376,This cup went by fast🥤⚽️ #FIFAWorldCup,Coca-Cola
cocacola,Da8GLVhubtO,https://www.instagram.com/p/Da8GLVhubtO/,2026-07-18T15:23:06.000Z,5999,5428,"YOU could win an Official Match Ball from the FIFA World Cup 2026™ final match. Comment on this post for a chance to make it yours ⚽️ #FIFAWorldCup

N",Coca-Cola
hyundai,DcIFkTTlvSp,https://www.instagram.com/p/DcIFkTTlvSp/,2026-08-18T01:00:02.000Z,3531,59,"“At home, we are more attached to our screens. When we come out, we can actually interact with each other.”

Meet Finnegan and Ansel, two 10-year-old ",Hynudai
cocacola,Da_ZIMYpIKl,https://www.instagram.com/p/Da_ZIMYpIKl/,2026-07-19T22:02:52.000Z,47799,885,Cheers to the champs. #FIFAWorldCup,Coca-Cola
cocacola,DbL_XmcJT8r,https://www.instagram.com/p/DbL_XmcJT8r/,2026-07-24T19:28:09.000Z,16850,2944,"Street style, city sidewalks, and sipping an ice-cold Coke. This is the summer we were promised.",Coca-Cola
hyundai,DcsaVHloLGc,https://www.instagram.com/p/DcsaVHloLGc/,2026-08-31T08:00:00.000Z,6158,69,The IONIQ lineup is made for the road. Built for the details.,Hynudai
cocacola,DaqJRUlDtcW,https://www.instagram.com/p/DaqJRUlDtcW/,2026-07-11T16:00:03.000Z,4193,395,Sliiiiiiide to the right ⚽,Coca-Cola
hyundai,DcsFC60Altv,https://www.instagram.com/p/DcsFC60Altv/,2026-09-01T01:00:05.000Z,511,58,"""We are camping somewhere in the middle of nowhere. A bunch of pine trees, lots of stars at night, we had a lot of fun here in the middle of nowhere.""",Hynudai
cocacola,DanedtPuBNd,https://www.instagram.com/p/DanedtPuBNd/,2026-07-10T15:12:02.000Z,1477,253,"THE RED CARD NOBODY SAW COMING🥤🟥 ⚽

Brian and Eli are longtime members of the @thelaa who do so much for their community and now they’re going to the ",Coca-Cola
cocacola,DbEZVUXiQdK,https://www.instagram.com/p/DbEZVUXiQdK/,2026-07-21T20:40:40.000Z,1838,686,"You learned offsides. You cried over penalties. You screamed at your TV. Congrats, you’re one of us now 🏆 See you at the FIFA Women’s World Cup Brazil",Coca-Cola
hyundai,DcSufdHEQMf,https://www.instagram.com/p/DcSufdHEQMf/,2026-08-21T08:00:03.000Z,4113,116,Summer plans? There’s room in the Hyundai IONIQ 9 for all of them.,Hynudai
doritos,DceNpl1Gp5w,https://www.instagram.com/p/DceNpl1Gp5w/,2026-08-25T17:50:22.000Z,2695,120,"✨it’s TIMMMEEEEEE✨

#fakeproduct",Doritos
