year,game_edition,broadcast_network,telecast_avg_viewers_m,point_margin,is_blowout,q1_est_viewers_m,q2_est_viewers_m,halftime_peak_viewers_m,q3_est_viewers_m,q4_est_viewers_m,q2_to_q4_decay_pct
2000,STL-TEN,ABC,88.47,7,False,83.16,92.89,100.86,86.7,99.09,6.67
2001,BAL-NYG,CBS,84.34,27,True,79.28,88.56,96.15,82.65,69.16,-21.91
2002,NE-STL,FOX,86.8,3,False,81.59,91.14,98.95,85.06,97.22,6.67
2003,TB-OAK,ABC,88.64,27,True,83.32,93.07,101.05,86.87,72.68,-21.91
2004,NE-CAR,CBS,89.8,3,False,84.41,94.29,102.37,88.0,100.58,6.67
2005,NE-PHI,FOX,86.07,3,False,80.91,90.37,98.12,84.35,96.4,6.67
2006,PIT-SEA,ABC,90.75,11,False,85.3,95.29,103.45,88.94,101.64,6.66
2007,IND-CHI,CBS,93.18,12,False,87.59,97.84,106.23,91.32,104.36,6.66
2008,NYG-NE,FOX,97.45,3,False,91.6,102.32,111.09,95.5,109.14,6.67
2009,PIT-ARIZ,NBC,98.73,4,False,92.81,103.67,112.55,96.76,110.58,6.67
2010,NO-IND,CBS,106.48,14,False,100.09,111.8,121.39,104.35,119.26,6.67
2011,GB-PIT,FOX,111.01,6,False,104.35,116.56,126.55,108.79,124.33,6.67
2012,NYG-NE,NBC,111.35,4,False,104.67,116.92,126.94,109.12,124.71,6.66
2013,BAL-SF,CBS,108.69,3,False,102.17,114.12,123.91,106.52,121.73,6.67
2014,SEA-DEN,FOX,112.19,35,True,105.46,117.8,127.9,109.95,92.0,-21.9
2015,NE-SEA,NBC,114.44,4,False,107.57,120.16,130.46,112.15,128.17,6.67
2016,DEN-CAR,CBS,111.86,14,False,105.15,117.45,127.52,109.62,125.28,6.67
2017,NE-ATL,FOX,111.32,6,False,104.64,116.89,126.9,109.09,124.68,6.66
2018,PHI-NE,NBC,103.47,8,False,97.26,108.64,117.96,101.4,115.89,6.67
2019,NE-LAR,CBS,98.48,10,False,92.57,103.4,112.27,96.51,110.3,6.67
2020,KC-SF,FOX,101.32,11,False,95.24,106.39,115.5,99.29,113.48,6.66
2021,TB-KC,CBS,95.21,22,True,89.5,99.97,108.54,93.31,78.07,-21.91
2022,LAR-CIN,NBC,99.18,3,False,93.23,104.14,113.07,97.2,111.08,6.66
2023,KC-PHI,FOX,114.21,3,False,107.36,119.92,130.2,111.93,127.92,6.67
2024,KC-SF,CBS,120.3,3,False,113.08,126.31,137.14,117.89,134.74,6.67
