year,game_edition,broadcast_network,household_rating,household_share,telecast_avg_viewers_m
2000,STL-TEN,ABC,43.3,,88.47
2001,BAL-NYG,CBS,40.4,,84.34
2002,NE-STL,FOX,40.4,,86.8
2003,TB-OAK,ABC,40.7,,88.64
2004,NE-CAR,CBS,41.4,,89.8
2005,NE-PHI,FOX,41.1,,86.07
2006,PIT-SEA,ABC,41.6,,90.75
2007,IND-CHI,CBS,42.6,,93.18
2008,NYG-NE,FOX,43.1,,97.45
2009,PIT-ARIZ,NBC,42.0,,98.73
2010,NO-IND,CBS,45.0,,106.48
2011,GB-PIT,FOX,46.0,,111.01
2012,NYG-NE,NBC,47.0,,111.35
2013,BAL-SF,CBS,46.4,,108.69
2014,SEA-DEN,FOX,46.7,,112.19
2015,NE-SEA,NBC,47.5,,114.44
2016,DEN-CAR,CBS,46.6,,111.86
2017,NE-ATL,FOX,45.3,,111.32
2018,PHI-NE,NBC,43.1,,103.47
2019,NE-LAR,CBS,41.1,,98.48
2020,KC-SF,FOX,41.6,,101.32
2021,TB-KC,CBS,38.2,,95.21
2022,LAR-CIN,NBC,36.9,,99.18
2023,KC-PHI,FOX,40.4,,114.21
2024,KC-SF,CBS,42.1,,120.3
