year,brand,superbowl_ads_dot_com_url,youtube_url,funny,show_product_quickly,patriotic,celebrity,danger,animals,use_sex,video_id,yt_title,yt_channel_title,yt_published_at,yt_view_count,yt_like_count,yt_comment_count,yt_duration_seconds
2018,Toyota,https://superbowl-ads.com/good-odds-toyota/,https://www.youtube.com/watch?v=zeBZvwYQ-hA,False,False,False,False,False,False,False,zeBZvwYQ-hA,Toyota Super Bowl Commercial 2018 Good Odds,Funny Commercials,2018-02-03T11:29:14Z,199958.0,1398.0,,135.0
2020,Bud Light,https://superbowl-ads.com/2020-bud-light-seltzer-inside-posts-brain/,https://www.youtube.com/watch?v=nbbp0VW7z8w,True,True,False,True,True,False,False,nbbp0VW7z8w,Bud Light: Post Malone #PostyStore Inside Post's Brain,VCU Brandcenter,2020-01-31T21:04:13Z,124879.0,1498.0,37.0,61.0
2006,Bud Light,https://superbowl-ads.com/2006-bud-light-bear-attack/,https://www.youtube.com/watch?v=yk0MQD5YgV8,True,False,False,False,True,True,False,yk0MQD5YgV8,"Super Bowl 2006: Bud Light ""Save Yourself""",John Keehler,2006-02-06T10:02:36Z,144550.0,132.0,9.0,33.0
2018,Hynudai,https://superbowl-ads.com/hope-detector-nfl-super-bowl-lii-hyundai/,https://www.youtube.com/watch?v=lNPccrGk77A,False,True,False,False,False,False,False,lNPccrGk77A,Hyundai / Hope Detector (2018),IATSE 490,2018-03-09T15:40:18Z,311.0,2.0,0.0,66.0
2003,Bud Light,https://superbowl-ads.com/2003-bud-light-hermit-crab/,https://www.youtube.com/watch?v=ovQYgnXHooY,True,True,False,False,True,True,True,ovQYgnXHooY,bud light pick up,jassymei,2006-07-18T04:53:42Z,14216.0,21.0,2.0,31.0
2020,Toyota,https://superbowl-ads.com/2020-toyota-go-places-with-cobie-smulders/,https://www.youtube.com/watch?v=f34Ji70u3nk,True,True,False,True,True,True,False,f34Ji70u3nk,Toyota Super Bowl Commercial 2020 Cobie Smulders Heroes,Funny Commercials,2020-02-02T21:21:27Z,37828.0,170.0,14.0,69.0
2020,Coca-Cola,https://superbowl-ads.com/2020-coca-cola-energy-show-up/,https://www.youtube.com/watch?v=-gAZRN3SCBw,True,False,False,True,False,True,False,-gAZRN3SCBw,Coca-Cola Energy - Show Up ft. Jonah Hill & Martin Scorsese,Coca-Cola,2020-01-31T14:58:00Z,314973.0,1463.0,210.0,61.0
2020,Kia,https://superbowl-ads.com/2020-kia-tough-never-quits/,https://www.youtube.com/watch?v=lMs79UXam9A,False,False,False,True,False,False,False,lMs79UXam9A,,,,,,,
2020,Hynudai,https://superbowl-ads.com/2020-hyundai-smaht-pahk/,https://www.youtube.com/watch?v=WBvkmWDjsYc,True,True,False,True,False,True,False,WBvkmWDjsYc,Hyundai: Super Bowl Commercial - Smaht Pahk,ReclameArchief,2021-01-27T13:11:29Z,678454.0,5783.0,381.0,81.0
2020,Budweiser,https://superbowl-ads.com/2020-budweiser-typical-american/,https://www.youtube.com/watch?v=J0xugdotpp8,False,True,True,True,True,False,False,J0xugdotpp8,Budweiser - Typical American,DossierNet,2020-01-24T14:04:00Z,3568.0,23.0,1.0,61.0
2010,Hynudai,https://superbowl-ads.com/hd-2010-super-bowl-commercial-new-hyundai-super-bowl-44-xliv-ad-hyundai-body-pass-2011-sonata/,https://www.youtube.com/watch?v=dWQqIeAYfK8,False,True,True,False,False,False,False,dWQqIeAYfK8,[HD] 2010 Super Bowl Commercial | New Hyundai Super Bowl 44 XLIV Ad | Hyundai Body Pass 2011 Sonata,World Hyundai Matteson,2010-02-04T19:28:02Z,69753.0,57.0,9.0,33.0
2010,Bud Light,https://superbowl-ads.com/hd-exclusive-bud-light-scientist-2010-superbowl-44-xliv-commercial-ad/,https://www.youtube.com/watch?v=agISXMN4tng,True,False,False,False,True,False,True,agISXMN4tng,[HD] Exclusive Bud Light Scientist 2010 SuperBowl 44 XLIV Commercial Ad,2010SuperBowlXLIV,2010-02-08T04:17:09Z,4293.0,11.0,1.0,31.0
2007,Budweiser,https://superbowl-ads.com/2007-budweiser-king-crab/,https://www.youtube.com/watch?v=7KHlMJE84eA,True,True,False,False,False,True,True,7KHlMJE84eA,"2007 Super Bowl Commercials - Budweiser, King Crab",viralstuff,2007-02-05T03:16:09Z,201320.0,162.0,15.0,31.0
2002,Budweiser,https://superbowl-ads.com/2002-budweiser-ground-zero-clydesdales-bow/,https://www.youtube.com/watch?v=1MZUvib98Rs,False,True,True,False,False,True,False,1MZUvib98Rs,"Budweiser - Respect (2002, USA)",The Hall of Advertising,2014-09-11T08:13:48Z,349195.0,2052.0,219.0,62.0
2020,NFL,https://superbowl-ads.com/2020-nfl-next-100/,https://www.youtube.com/watch?v=lbkafMhmvMo,False,False,True,True,False,False,False,lbkafMhmvMo,,,,,,,
2017,NFL,https://superbowl-ads.com/2017-nfl-super-bowl-51-li-tv-commercial-super-bowl-baby-legends/,https://www.youtube.com/watch?v=9csH_Hy-7A4,False,True,False,False,False,False,False,9csH_Hy-7A4,,,,,,,
2005,Bud Light,https://superbowl-ads.com/2005-bud-light-parrot/,https://www.youtube.com/watch?v=-gTWA5AsTP8,True,True,False,False,True,True,True,-gTWA5AsTP8,Bud Light Cockato ad,PastaChefPictures,2008-02-01T00:07:51Z,9222.0,32.0,3.0,30.0
2009,Pepsi,https://superbowl-ads.com/2009-pepsi-max-im-good/,https://www.youtube.com/watch?v=qUZaSf7T7ig,True,False,False,False,True,False,False,qUZaSf7T7ig,Pepsi Max - I'm Good Super Bowl XLIII Commercial 2009,reggiep08v2,2009-02-02T01:09:13Z,140416.0,438.0,47.0,33.0
2004,Bud Light,https://superbowl-ads.com/2004-bud-light-frank/,https://www.youtube.com/watch?v=mjN3OY9Eefk,True,True,False,False,False,True,True,mjN3OY9Eefk,Frank the Monkey Bud Light,Richard jrr.,2014-02-21T23:23:43Z,4262.0,115.0,53.0,31.0
2020,Doritos,https://superbowl-ads.com/2020-doritos-the-cool-ranch-with-lil-nas-x-and-sam-elliott/,https://www.youtube.com/watch?v=6xVnq31Vk8Y,True,True,False,True,True,True,False,6xVnq31Vk8Y,"Doritos Super Bowl Commercial 2020 Lil Nas X, Sam Elliott The Cool Ranch",Commercials Funny,2020-01-29T17:28:54Z,2425094.0,13072.0,391.0,71.0
2007,Bud Light,https://superbowl-ads.com/2007-bud-light-slap/,https://www.youtube.com/watch?v=aOfRpCp6Pgw,True,True,False,False,True,False,False,aOfRpCp6Pgw,Bud Light Slap,Rowmon42,2008-09-06T18:41:39Z,84192.0,146.0,43.0,31.0
2020,Pepsi,https://superbowl-ads.com/2020-pepsi-zero-sugar-done-right/,https://www.youtube.com/watch?v=Ozb_fJB_z6o,False,True,False,True,False,False,False,Ozb_fJB_z6o,Pepsi | Zero Sugar | SuperBowl Commercials 2020,Eslogan Magazine,2020-01-30T18:32:01Z,42576.0,165.0,34.0,49.0
2019,Hynudai,https://superbowl-ads.com/2019-hyundai-shopper-assurance-the-elevator-with-jason-bateman/,https://www.youtube.com/watch?v=6mfJ0EsqLWs,True,False,True,True,False,False,False,6mfJ0EsqLWs,Ad Meter 2019: Hyundai,USA TODAY,2019-01-30T15:31:08Z,70397.0,411.0,2.0,61.0
2009,Budweiser,https://superbowl-ads.com/2009-budweiser-clydesdales-generations/,https://www.youtube.com/watch?v=ukpnHh4eEeQ,False,True,True,False,False,True,False,ukpnHh4eEeQ,Budweiser - Clydesdale Generations Super Bowl XLIII Commercial 2009,reggiep08v2,2009-02-02T02:09:00Z,314720.0,565.0,40.0,62.0
2011,Kia,https://superbowl-ads.com/2011-kia-optima-one-epic-ride-super-bowl-xlv-commercial/,https://www.youtube.com/watch?v=8FMU5yPZgwM,True,True,False,False,True,False,True,8FMU5yPZgwM,Kia Optima - One Epic Ride,Hendy Group,2011-02-04T18:09:52Z,40662.0,219.0,13.0,61.0
2019,Doritos,https://superbowl-ads.com/2019-doritos-now-its-hot-with-chance-the-rapper-and-backstreet-boys/,https://www.youtube.com/watch?v=NvIcPAxZ39o,False,True,False,True,False,False,False,NvIcPAxZ39o,Doritos Super Bowl commercial with Chance the Rapper & Backstreet Boys,Football #StatThat,2019-02-01T11:29:06Z,119898.0,1883.0,92.0,69.0
2019,Pepsi,https://superbowl-ads.com/2019-pepsi-more-than-ok/,https://www.youtube.com/watch?v=64UH1_D95gQ,True,True,False,True,False,False,True,64UH1_D95gQ,Pepsi: More Than OK,Ads of Brands,2019-01-29T16:36:29Z,171930.0,1307.0,78.0,61.0
2013,Hynudai,https://superbowl-ads.com/video-2013-hyundai-sonata-turbo-super-bowl-xlvii-stuck/,https://www.youtube.com/watch?v=WTf0XGpINJI,True,True,False,False,True,True,False,WTf0XGpINJI,Hyundai Sonata Turbo Super Bowl Commercial 2013,Hyundai Omsk Official,2015-04-09T09:41:58Z,4923.0,23.0,2.0,31.0
2019,NFL,https://superbowl-ads.com/2019-nfl-nfl100/,https://www.youtube.com/watch?v=sl8ooTIMk2w,True,True,False,True,False,False,False,sl8ooTIMk2w,Ad Meter 2019: NFL,USA TODAY,2019-02-04T01:29:56Z,120004.0,891.0,88.0,121.0
2011,Coca-Cola,https://superbowl-ads.com/2011-coca-cola-border/,https://www.youtube.com/watch?v=Aw6-aXMBseo,False,False,False,False,False,False,False,Aw6-aXMBseo,Coca-Cola Border SUPER BOWL COMMERCIAL 2011,Samuel Spence,2011-02-07T01:08:44Z,117004.0,301.0,37.0,63.0
2019,Pepsi,https://superbowl-ads.com/2019-pepsi-bubly-buble/,https://www.youtube.com/watch?v=I-_Uh-vZXgo,True,True,False,True,False,False,False,I-_Uh-vZXgo,Michael Buble vs Bubly Super Bowl 2019 Commercial,Football #StatThat,2019-02-01T11:29:56Z,371108.0,3473.0,152.0,38.0
2016,Hynudai,https://superbowl-ads.com/hyundai-2016-super-bowl-50-ad-chase/,https://www.youtube.com/watch?v=r_kXSO9Cph0,True,False,False,False,True,True,False,r_kXSO9Cph0,Super Bowl 2016: Hyundai Chase Ad,The Wall Street Journal,2016-02-01T17:25:21Z,7262.0,55.0,1.0,31.0
2010,Bud Light,https://superbowl-ads.com/hd-exclusive-stranded-budweiser-2010-super-bowl-44-xliv-commercial-ad/,https://www.youtube.com/watch?v=zE7wyUmsM0k,True,False,False,False,False,False,False,zE7wyUmsM0k,Bud Light Stranded Super Bowl Commercial 2010,MistahSparkles70,2010-02-08T06:10:42Z,87401.0,127.0,23.0,47.0
2000,E-Trade,https://superbowl-ads.com/2000-etrade-monkey-dance/,https://www.youtube.com/watch?v=Muyq2kMDFoA,True,True,False,False,False,True,False,Muyq2kMDFoA,"E*TRADE - Monkey (2000, USA)",The Hall of Advertising,2018-02-10T11:23:48Z,81534.0,392.0,36.0,32.0
2001,Bud Light,https://superbowl-ads.com/2001-bud-light-otto/,https://www.youtube.com/watch?v=XJEYIR-Cai4,True,True,False,False,False,True,False,XJEYIR-Cai4,Bud Light Commercial from 2001 Otto the Obese Dog,OldCommercials4u2,2012-08-13T22:25:04Z,4828.0,18.0,0.0,30.0
2018,Doritos,https://superbowl-ads.com/2018-doritos-blaze-vs-mtn-dew-ice/,https://www.youtube.com/watch?v=rZh_CbcVe7M,True,True,False,True,False,False,False,rZh_CbcVe7M,Doritos Blaze VS Mountain Dew 2018 Super Bowl Commercial - Morgan Freeman,2 Face,2018-02-01T07:35:24Z,63460.0,889.0,44.0,61.0
2001,Budweiser,https://superbowl-ads.com/2001-budweiser-what-are-you-doing/,https://www.youtube.com/watch?v=gtmJEt0w1k4,True,True,False,False,False,False,False,gtmJEt0w1k4,2001 Commercial - Budweiser: What Are YOU Doing?,CatchTheTaste,2014-09-09T17:44:59Z,94422.0,410.0,56.0,31.0
2018,Coca-Cola,https://superbowl-ads.com/life-is-short-have-a-diet-coke-because-i-can-diet-coke/,https://www.youtube.com/watch?v=be5DH6jQs38,False,True,False,True,False,False,False,be5DH6jQs38,"Life is Short, Have a Diet Coke   Because I Can Diet Coke",Tofe Lofe,2018-04-04T10:35:34Z,505.0,1.0,2.0,31.0
2013,Hynudai,https://superbowl-ads.com/video-hyundai-2013-super-bowl-xlvii-ad-epic-playdate/,https://www.youtube.com/watch?v=YyKVvAZSAug,False,False,False,False,False,True,False,YyKVvAZSAug,Super Bowl 2013 - Hyundai - Epic Playdate,Caspost List,2013-02-01T16:58:24Z,4810.0,27.0,3.0,103.0
2004,Pepsi,https://superbowl-ads.com/2004-pepsi-bears-find-food/,https://www.youtube.com/watch?v=GzWUUZRli6s,True,False,False,False,False,True,False,GzWUUZRli6s,Super Bowl XXXVIII Commercial - Pepsi Bears,itsr00k,2006-12-02T03:34:04Z,192570.0,397.0,46.0,46.0
2018,Kia,https://superbowl-ads.com/2018-kia-stinger-steven-tyler-big-game-ad-feel-something-again/,https://www.youtube.com/watch?v=9_dE6Z2HK8I,False,False,False,True,False,False,False,9_dE6Z2HK8I,2018 Kia Commercial - Steven Tyler Big Game Ad - Feel Something Again,SCANable,2018-04-11T19:01:38Z,74444.0,496.0,0.0,75.0
2018,Pepsi,https://superbowl-ads.com/2018_pepsi_this_is_the_pepsi/,https://www.youtube.com/watch?v=0gHYd67OumQ,False,True,True,True,False,False,False,0gHYd67OumQ,"Pepsi Super Bowl Commercial 2018 Cindy Crawford, Britney Spears",Funny Commercials,2018-02-01T18:48:48Z,882971.0,3858.0,347.0,87.0
2018,NFL,https://superbowl-ads.com/touchdown-celebrations-to-come-nfl-super-bowl-lii-commercial/,https://www.youtube.com/watch?v=KUoD-gPDahw,True,True,False,True,False,False,False,KUoD-gPDahw,,,,,,,
2010,E-Trade,https://superbowl-ads.com/hd-exclusive-e-trade-baby-tears-2010-superbowl-44-xliv-commercial-ad/,https://www.youtube.com/watch?v=LgiYL1Ry2I8,True,True,False,False,False,False,False,LgiYL1Ry2I8,[HD] Exclusive E-Trade Baby Tears 2010 SuperBowl 44 XLIV Commercial Ad,2010SuperBowlXLIV,2010-02-08T05:55:45Z,16226.0,27.0,,16.0
2017,NFL,https://superbowl-ads.com/2017-nfl-super-bowl-51-li-tv-commercial-inside-lines/,https://www.youtube.com/watch?v=pvKBdrx4quA,False,True,True,True,False,False,False,pvKBdrx4quA,Inside These Lines,NFL,2017-02-05T20:38:06Z,332144.0,2331.0,361.0,61.0
2000,E-Trade,https://superbowl-ads.com/2000-etrade-money-out-of-the-wazoo/,https://www.youtube.com/watch?v=oftjwYmlfoA,True,True,False,False,True,False,False,oftjwYmlfoA,"Superbowl (2000) E-Trade: ""Money Out The Wazoo""",DarylKT,2008-01-31T01:55:33Z,93678.0,253.0,17.0,31.0
2007,E-Trade,https://superbowl-ads.com/2007-etrade-one-finger/,https://www.youtube.com/watch?v=jaR5-kefxn4,True,False,True,False,False,False,False,jaR5-kefxn4,Etrade One Finger Super Bowl XLI Commercial,ZagStudiosOnYT,2007-02-05T07:40:29Z,104074.0,103.0,22.0,30.0
2000,Budweiser,https://superbowl-ads.com/2000-budweiser-whaasup-game/,https://www.youtube.com/watch?v=loimTUjV92Q,True,True,False,False,False,False,False,loimTUjV92Q,,,,,,,
2013,Doritos,https://superbowl-ads.com/video-doritos-2013-super-bowl-xlvii-commercial-goat-for-sale/,https://www.youtube.com/watch?v=DoM6IhfY8No,True,True,False,False,False,True,False,DoM6IhfY8No,2013 SuperBowl XLVII Doritos Goat 4 Sale Commercial,Ven Flowers,2013-02-03T23:48:43Z,843396.0,3971.0,222.0,31.0
2013,Budweiser,https://superbowl-ads.com/video-budweiser-black-crown-2013-super-bowl-xlvii-ad-coronation/,https://www.youtube.com/watch?v=AMP9fgyi41M,False,True,False,False,False,False,True,AMP9fgyi41M,"Budweiser Black Crown ""Coronation"" - 2013 Super Bowl Commercial",YessianMusic,2013-02-05T09:16:01Z,2153.0,7.0,0.0,33.0
2007,Doritos,https://superbowl-ads.com/2007-doritos-live-the-favor/,https://www.youtube.com/watch?v=kNxgxF-7SfA,True,True,False,False,True,False,True,kNxgxF-7SfA,Live the Flavor,crashthesuperbowl07,2007-01-27T01:33:06Z,1695024.0,2533.0,156.0,31.0
2009,Budweiser,https://superbowl-ads.com/2009-budweiser-clydesdale-plays-fetch/,https://www.youtube.com/watch?v=w_ZEGUX4YnI,True,True,True,False,False,True,False,w_ZEGUX4YnI,Budweiser - Fetch Super Bowl XLIII Commercial 209,reggiep08v2,2009-02-02T01:25:17Z,51606.0,74.0,8.0,33.0
2012,E-Trade,https://superbowl-ads.com/2012-etrade-fatherhood/,https://www.youtube.com/watch?v=fObt1E6Ij_E,True,False,False,False,False,False,False,fObt1E6Ij_E,Etrade (2012) Fatherhood,HilariousSuperBowl,2013-03-05T14:11:47Z,67.0,1.0,0.0,31.0
2019,Bud Light,https://superbowl-ads.com/2019-bud-light-medieval-barbers/,https://www.youtube.com/watch?v=hkSQ2Vr41bM,True,True,False,False,False,False,False,hkSQ2Vr41bM,Ad Meter 2019: Bud Light Medieval Barbers,USA TODAY,2019-02-04T02:23:36Z,39016.0,73.0,28.0,16.0
2017,Kia,https://superbowl-ads.com/2017-kia-super-bowl-51-li-tv-commercial-heros-journey-starring-melissa-mccarthy/,https://www.youtube.com/watch?v=pVxmT2x3Od4,True,False,False,True,True,True,False,pVxmT2x3Od4,,,,,,,
2007,Bud Light,https://superbowl-ads.com/2007-bud-light-but-he-has-bud-light/,https://www.youtube.com/watch?v=qIC90Vnc-OI,True,True,False,False,True,False,False,qIC90Vnc-OI,Super Bowl XLI BudLight Hitch Hiker Commercial,Alex Pereira,2007-02-05T06:41:17Z,199446.0,561.0,39.0,31.0
2011,Bud Light,https://superbowl-ads.com/2011-bud-light-dog-sitter/,https://www.youtube.com/watch?v=JJn1vM7LB1Y,True,True,False,False,False,True,False,JJn1vM7LB1Y,Bud Light - Dog Sitter - Super Bowl Commercial,Jay Lower,2020-01-30T02:23:47Z,933.0,4.0,0.0,33.0
2016,Pepsi,https://superbowl-ads.com/pepsi-2016-super-bowl-50-ad-joy-pepsi/,https://www.youtube.com/watch?v=B9j4Cw5dkBs,False,False,False,True,False,False,False,B9j4Cw5dkBs,,,,,,,
2009,Hynudai,https://superbowl-ads.com/2009-hyundai-angry-bosses/,https://www.youtube.com/watch?v=puG0WOgAUfs,True,True,False,False,False,False,False,puG0WOgAUfs,Bosses,HyundaiSuperBowl2009,2009-01-30T01:39:07Z,374361.0,582.0,115.0,33.0
2011,Coca-Cola,https://superbowl-ads.com/2011-coca-cola-siege/,https://www.youtube.com/watch?v=nAJvHsVoLq0,True,False,False,False,True,True,False,nAJvHsVoLq0,"Coca-Cola ""Siege"" Super Bowl ad",alohawarriorchief,2011-02-05T09:10:25Z,89977.0,70.0,4.0,61.0
2016,Hynudai,https://superbowl-ads.com/hyundai-2016-super-bowl-50-ad-ryanville/,https://www.youtube.com/watch?v=wBcijELzZi4,True,True,False,True,False,True,True,wBcijELzZi4,Hyundai Super Bowl - Ryanville - All New Elantra,Hyundai Chile,2016-02-03T14:18:51Z,24102.0,249.0,6.0,46.0
2009,Doritos,https://superbowl-ads.com/2009-doritos-new-flavor-pitch/,https://www.youtube.com/watch?v=qKKpRhFcKBk,True,True,False,False,False,False,False,qKKpRhFcKBk,Super Bowl XLIII Commercial Doritos Beer Ad Funny Exclusive New Flavor Pitch,omon007,2009-07-03T19:48:51Z,48505.0,139.0,8.0,38.0
2010,Doritos,https://superbowl-ads.com/hd-exclusive-doritos-samurai-2010-super-bowl-44-xliv-commercial-ad/,https://www.youtube.com/watch?v=1ww1k7w4WQ8,True,True,False,False,True,False,False,1ww1k7w4WQ8,Dorito Ninja Super Bowl Commercial 2010,FunnyInternetVids,2010-02-08T02:51:00Z,257319.0,1468.0,107.0,31.0
2015,Doritos,https://superbowl-ads.com/2015-doritos-middle-seat/,https://www.youtube.com/watch?v=2JqRXLQYF9o,True,False,False,False,False,False,True,2JqRXLQYF9o,Middle Seat - Doritos Crash the Super Bowl 2015 WINNER OFFICIAL,Scott Zabielski,2014-11-07T15:32:10Z,2565330.0,3607.0,251.0,31.0
2007,Coca-Cola,https://superbowl-ads.com/2007-coca-cola-video-game/,https://www.youtube.com/watch?v=3Tnm53uXIvg,False,True,True,False,True,True,False,3Tnm53uXIvg,"2007 Super Bowl Commercials - Coca Cola, Video Game",viralstuff,2007-02-05T02:28:10Z,252577.0,498.0,78.0,61.0
2019,Toyota,https://superbowl-ads.com/2019-toyota-supra-wizard/,https://www.youtube.com/watch?v=ZuBbnZ3UbJw,False,True,False,False,False,False,False,ZuBbnZ3UbJw,,,,,,,
2002,Budweiser,https://superbowl-ads.com/2002-budweiser-how-ya-doin/,https://www.youtube.com/watch?v=mhEYXcCB1Qw,True,True,False,False,False,False,False,mhEYXcCB1Qw,Budweiser Commercial -- How you doin',Esca.me FunTastic English,2016-01-27T21:22:23Z,99771.0,741.0,52.0,32.0
2014,Coca-Cola,https://superbowl-ads.com/2014-coca-going-all-the-way/,https://www.youtube.com/watch?v=nO-8ZY7p95o,True,False,False,False,False,False,False,nO-8ZY7p95o,"Coca Cola Super Bowl Commercial 2014 ""Going all the Way""",Trailer Tube,2014-02-03T02:29:16Z,6301.0,26.0,0.0,61.0
2004,Budweiser,https://superbowl-ads.com/2004-budweiser-referee/,https://www.youtube.com/watch?v=uO-E2T1hayU,True,False,False,False,False,False,False,uO-E2T1hayU,,,,,,,
2016,Coca-Cola,https://superbowl-ads.com/coca-cola-mini-2016-super-bowl-50-ad-hulk-vs-ant-man/,https://www.youtube.com/watch?v=sMkGwCw7iv8,True,True,False,True,True,False,False,sMkGwCw7iv8,Hulk vs. Ant-Man - Coca-Cola: Coke Mini,ClipsyBox,2017-05-07T14:37:08Z,16876000.0,264904.0,3207.0,72.0
2015,Budweiser,https://superbowl-ads.com/2015-budweiser-clydesdale-beer-run/,https://www.youtube.com/watch?v=5tso0er4EUI,True,True,False,False,True,True,False,5tso0er4EUI,Budweiser USA  #BestBuds   2015 Budweiser Clydesdale Beer Run,Mr. Goodstuff,2015-09-10T19:36:03Z,19352.0,53.0,2.0,31.0
2016,Hynudai,https://superbowl-ads.com/hyundai-2016-super-bowl-50-ad-first-date/,https://www.youtube.com/watch?v=KwUUdl22mkA,True,False,False,True,False,False,False,KwUUdl22mkA,First Date – Hyundai Super Bowl 2016 Commercial  Kevin Hart,Peek of the Net,2017-02-02T20:40:46Z,406639.0,3604.0,145.0,61.0
2001,Bud Light,https://superbowl-ads.com/2001-bud-light-pencil-pusher/,https://www.youtube.com/watch?v=J89vbNUzhIE,True,False,False,False,True,False,True,J89vbNUzhIE,Bud Light Funny Pencil Advertisement,Jeffery Tan Jian Wei,2012-02-14T10:39:19Z,79970.0,407.0,29.0,30.0
2003,Bud Light,https://superbowl-ads.com/2003-bud-light-strongman/,https://www.youtube.com/watch?v=_cEQ5g6bzdM,True,True,False,False,True,False,False,_cEQ5g6bzdM,Bud Light - Strongman,Drew Frohmann,2010-07-08T06:50:31Z,8309.0,59.0,3.0,31.0
2000,Bud Light,https://superbowl-ads.com/2000-bud-light-hold-the-door/,https://www.youtube.com/watch?v=M3IV93HwSkc,True,True,False,False,True,False,False,M3IV93HwSkc,Bud Light-03 (elevator),asavatar,2006-10-27T12:00:08Z,7262.0,10.0,3.0,31.0
2018,Coca-Cola,https://superbowl-ads.com/2018-coca-cola-super-bowl-ad-wonder-us/,https://www.youtube.com/watch?v=ucCvhK2CZMo,False,True,True,False,False,False,False,ucCvhK2CZMo,,,,,,,
2001,Pepsi,https://superbowl-ads.com/2001-pepsi-subway-miracle/,https://www.youtube.com/watch?v=1nmPv4M8Ps8,True,False,False,False,False,False,True,1nmPv4M8Ps8,Pepsi 90's commercial - SUBWAY,musickeys8,2015-06-06T18:00:31Z,2675.0,15.0,0.0,33.0
2014,Doritos,https://superbowl-ads.com/2014-doritos-cowboy-kid/,https://www.youtube.com/watch?v=1X_M47SQF6s,True,True,False,False,True,True,False,1X_M47SQF6s,2014 Doritos Cowboy Kid Super Bowl Commercial,EliteCommercial,2014-12-15T22:32:28Z,14507.0,44.0,,37.0
2016,Budweiser,https://superbowl-ads.com/budweiser-2016-super-bowl-50-ad-simply-put/,https://www.youtube.com/watch?v=Le_2S2db0Bk,False,True,False,True,False,False,False,Le_2S2db0Bk,Budweiser The Best Super Bowl 2016 Commercial  Ad,Ad Bowl 2016,2016-02-08T18:22:21Z,369.0,1.0,0.0,61.0
2004,Budweiser,https://superbowl-ads.com/2004-budweiser-donkey/,https://www.youtube.com/watch?v=pmmsr7PAhWU,False,True,True,False,False,True,False,pmmsr7PAhWU,Budweiser Donkey,fuzzypeaches,2006-09-17T07:10:58Z,2004721.0,4086.0,286.0,61.0
2015,Budweiser,https://superbowl-ads.com/budweiser-2015-super-bowl-xlix-ad-brewed-the-hard-way/,https://www.youtube.com/watch?v=7_EfXuGev24,False,True,True,False,False,True,False,7_EfXuGev24,,,,,,,
2016,Kia,https://superbowl-ads.com/kia-optima-2016-super-bowl-50-ad-walken-closet/,https://www.youtube.com/watch?v=rBkPXt-OpA4,True,False,False,True,False,False,False,rBkPXt-OpA4,Kia - Beige Socks (Christopher Walken) Super Bowl Commercial,Peek of the Net,2017-11-04T17:09:58Z,36701.0,245.0,12.0,76.0
2017,Budweiser,https://superbowl-ads.com/2017-budweiser-super-bowl-51-li-tv-commercial-born-hard-way/,https://www.youtube.com/watch?v=HtBZvl7dIu4,False,False,True,False,True,False,False,HtBZvl7dIu4,Budweiser 2017 Super Bowl Commercial | “Born The Hard Way”,Budweiser,2017-01-31T13:18:04Z,28833504.0,47519.0,8556.0,61.0
2000,Budweiser,https://superbowl-ads.com/2000-budweiser-talking-dog/,,True,False,False,False,False,True,False,,,,,,,,
2009,Coca-Cola,https://superbowl-ads.com/2009-coca-cola-heist/,https://www.youtube.com/watch?v=icV7fGqPZ2I,False,True,False,False,False,True,False,icV7fGqPZ2I,Heist - Coca-Cola Commercial,Coca-Cola,2009-08-31T17:49:57Z,551967.0,1924.0,88.0,62.0
2015,Doritos,https://superbowl-ads.com/doritos-2015-super-bowl-xlix-ad-when-pigs-fly/,https://www.youtube.com/watch?v=YQo0TfuueaY,True,True,True,False,False,True,False,YQo0TfuueaY,When Pigs Fly - Doritos Crash the Super Bowl 2015 WINNER OFFICAL,Nelson Talbot,2014-11-10T01:44:58Z,1411881.0,2885.0,399.0,31.0
2004,Toyota,https://superbowl-ads.com/2004-toyota-revenge/,https://www.youtube.com/watch?v=5uLJitPWAXM,True,True,False,False,True,False,False,5uLJitPWAXM,Toyota Tacoma Double Cab Girlfriend Commercial,SONICMATRIX 20,2009-07-13T02:43:45Z,219833.0,2759.0,147.0,34.0
2016,NFL,https://superbowl-ads.com/nfl-2016-super-bowl-50-ad-super-bowl-babies-choir/,https://www.youtube.com/watch?v=9KqekigARfE,False,False,True,True,False,False,False,9KqekigARfE,“Super Bowl Babies Choir” feat. Seal | Music Video,NFL,2016-02-01T14:30:01Z,5018301.0,20992.0,1884.0,188.0
2017,Hynudai,https://superbowl-ads.com/2017-hyundai-super-bowl-51-li-tv-commercial-better-super-bowl/,https://www.youtube.com/watch?v=KpN6fxOorwE,False,False,True,False,False,False,False,KpN6fxOorwE,,,,,,,
2012,Bud Light,https://superbowl-ads.com/2012-bud-light-rescue-dog/,https://www.youtube.com/watch?v=Qr3GJqccGi4,True,True,False,False,False,True,True,Qr3GJqccGi4,Bud Light - Rescue Dog,powerofthepitt,2012-02-07T23:48:37Z,14994.0,46.0,0.0,61.0
2008,Budweiser,https://superbowl-ads.com/2008-budweiser-dalmatian-trains-hank-for-team/,https://www.youtube.com/watch?v=odpagg0jV6I,False,True,True,False,False,True,False,odpagg0jV6I,Budweiser Clydesdale Team Commercial,BudweiserMedia,2008-02-04T22:15:37Z,127435.0,429.0,28.0,61.0
2013,Hynudai,https://superbowl-ads.com/video-hyundai-2013-super-bowl-xlvii-ad-santafe-team/,https://www.youtube.com/watch?v=jvm68nEAU7o,True,True,False,False,True,True,False,jvm68nEAU7o,2013 Hyundai Santa Fe Big Game Ad : Team (Extended),CarsandBikesVideos,2013-01-31T09:13:55Z,133100.0,1273.0,,47.0
2010,Doritos,https://superbowl-ads.com/hd-exclusive-casket-funeral-doritos-2010-super-bowl-44-xliv-commercial-ad/,https://www.youtube.com/watch?v=2IhJl7mBtls,True,True,False,False,False,False,False,2IhJl7mBtls,Doritos commercial :casket,swaggaoverload78,2010-02-09T18:44:58Z,11808.0,26.0,4.0,31.0
2016,Bud Light,https://superbowl-ads.com/bud-light-2016-super-bowl-50-ad-the-bud-light-party/,https://www.youtube.com/watch?v=e0ez2t6oRWY,True,True,True,True,False,True,False,e0ez2t6oRWY,"Super Bowl 50 - Bud Light: ""The Bud Light Party"" (2016)",Mister Alcohol,2016-02-21T11:00:18Z,2450.0,,6.0,61.0
2019,Toyota,https://superbowl-ads.com/2019-toyota-toni-with-antoinette-harris/,https://www.youtube.com/watch?v=wegrVsP3gK4,False,True,False,False,False,False,False,wegrVsP3gK4,Toyota: RAV4 Hybrid featuring Toni Harris - 2019 Super Bowl Commercial,VCU Brandcenter,2019-02-04T18:44:49Z,11327.0,50.0,16.0,70.0
2009,Bud Light,https://superbowl-ads.com/2009-bud-light-meeting/,https://www.youtube.com/watch?v=L1fL0ZHX2t0,True,True,False,False,True,False,False,L1fL0ZHX2t0,2009 Super Bowl Ad Bud Light Office Meeting,ZPG96,2009-10-12T04:39:17Z,59263.0,206.0,29.0,31.0
2019,Budweiser,https://superbowl-ads.com/2019-budweiser-wind-never-felt-better/,,False,False,False,False,False,True,False,,,,,,,,
2003,Bud Light,https://superbowl-ads.com/2003-bud-light-yoga/,https://www.youtube.com/watch?v=bcV8WN1YIL4,True,True,False,False,False,False,True,bcV8WN1YIL4,"Bud Light ""Yoga""",Richard D'Alessio,2011-05-26T16:02:34Z,159316.0,90.0,13.0,31.0
2019,Coca-Cola,https://superbowl-ads.com/2019-coca-cola-a-coke-is-a-coke/,https://www.youtube.com/watch?v=WTqL_giKNHQ,False,True,True,False,False,True,False,WTqL_giKNHQ,Commercial Ads 2019 - Coca Cola - A Coke is a Coke - Super Bowl 2019,The Star Ads,2019-01-25T12:52:39Z,93367.0,452.0,50.0,61.0
2012,Hynudai,https://superbowl-ads.com/2012-hyundai-genesis-heart/,https://www.youtube.com/watch?v=UxQKSCpOIOI,True,True,False,False,True,False,False,UxQKSCpOIOI,Hyundai Genesis Coupe 2012 commercial,dionicus,2013-03-03T08:29:48Z,1840.0,6.0,0.0,32.0
2011,Hynudai,https://superbowl-ads.com/2011-hyundai-super-bowl-commercial-hypnotized-video/,https://www.youtube.com/watch?v=5ofcQl6gWeE,True,False,False,False,False,False,False,5ofcQl6gWeE,Hyundai Elantra - Another version - Hypnotized  Super Bowl spot commercial 2016,Very interesting G,2015-07-07T22:49:30Z,525.0,1.0,0.0,26.0
2015,Kia,https://superbowl-ads.com/2015-kia-sorento-the-perfect-getaway-with-pierce-brosnan/,https://www.youtube.com/watch?v=nayeYTmEdYw,True,True,False,True,True,True,True,nayeYTmEdYw,Kia Sorento Official XLIX Ad with Pierce Brosnan Extended    “The Perfect Getaway”,Vladimir Barin,2015-05-12T15:31:55Z,83101.0,76.0,,73.0
2014,Budweiser,https://superbowl-ads.com/2014-budweiser-a-heros-welcome/,https://www.youtube.com/watch?v=XxfxB0O9Uuk,False,False,True,False,False,True,False,XxfxB0O9Uuk,Budweiser Super Bowl XLVIII Commercial – “A Hero’s Welcome”,City of Winter Park,2015-07-23T20:59:50Z,22710.0,,,61.0
2007,Bud Light,https://superbowl-ads.com/2007-bud-light-rock-scissors-paper/,https://www.youtube.com/watch?v=kH50-giCeDM,True,True,False,False,True,False,False,kH50-giCeDM,2007 Budweiser Super Bowl Commercial Rock-Paper-Scissors,bdauer39,2007-02-05T16:59:54Z,237028.0,412.0,36.0,31.0
2008,Hynudai,https://superbowl-ads.com/2008-hyundai-genesis-luxury/,https://www.youtube.com/watch?v=PsKJUnGEGSs,False,True,False,False,False,False,False,PsKJUnGEGSs,,,,,,,
2010,NFL,https://superbowl-ads.com/2010-nfl-best-fans-on-the-planet/,https://www.youtube.com/watch?v=6cMHr8goUgU,False,False,True,False,False,False,False,6cMHr8goUgU,NFL - Super Bowl XLIV Best Fans on the Planet (Reggie Bush Slow Motion),ferociousfrankie,2010-02-08T03:02:38Z,104485.0,590.0,34.0,61.0
2005,Pepsi,https://superbowl-ads.com/2005-pepsi-song-in-a-bottle/,https://www.youtube.com/watch?v=vUwROngDC88,True,True,False,False,False,False,False,vUwROngDC88,Pepsi iTunes Free Song Promotion (2005),methodshop,2018-10-07T12:52:37Z,724.0,8.0,2.0,79.0
2018,Budweiser,https://superbowl-ads.com/41891-2/,https://www.youtube.com/watch?v=GNVw5f16GEM,False,False,True,False,False,False,False,GNVw5f16GEM,Budweiser 2018 Super Bowl Commercial  “Stand By You”,Sport Hub,2018-02-01T20:35:53Z,68596.0,205.0,15.0,61.0
2018,Bud Light,https://superbowl-ads.com/bud-light-the-bud-knight/,https://www.youtube.com/watch?v=UizTtcBsNi8,True,True,False,False,True,True,False,UizTtcBsNi8,,,,,,,
2004,Bud Light,https://superbowl-ads.com/2004-bud-light-sleigh-ride/,https://www.youtube.com/watch?v=yQ_nU0_R7PE,True,False,False,False,True,True,True,yQ_nU0_R7PE,,,,,,,
2002,Budweiser,https://superbowl-ads.com/2002-budweiser-anniversary-card/,https://www.youtube.com/watch?v=LnU2T2P1oxA,True,False,False,False,False,False,False,LnU2T2P1oxA,Budweiser True Cards,Fernando Ocampo,2010-09-03T04:47:38Z,18356.0,74.0,3.0,31.0
2006,Budweiser,https://superbowl-ads.com/2006-budweiser-stadium-crowd-wave/,https://www.youtube.com/watch?v=4WeAvfP1ikU,True,True,False,False,False,False,False,4WeAvfP1ikU,"Super Bowl 2006: Budweiser ""The Wave""",John Keehler,2006-02-06T10:52:23Z,87552.0,91.0,10.0,34.0
2014,Bud Light,https://superbowl-ads.com/2014-bud-light-up-for-whatever-2/,https://www.youtube.com/watch?v=PnOW5qj_R6A,False,True,False,True,False,True,True,PnOW5qj_R6A,,,,,,,
2009,Coca-Cola,https://superbowl-ads.com/2009-coca-cola-avatar/,https://www.youtube.com/watch?v=Kwke0LNardc,True,False,False,False,False,True,False,Kwke0LNardc,Coca-Cola Avatar,CocaColaSuperbowl,2009-01-31T01:09:16Z,1473916.0,3545.0,530.0,61.0
2014,Bud Light,https://superbowl-ads.com/2014-bud-light-up-for-whatever-1/,,True,True,False,True,False,False,True,,,,,,,,
2003,Bud Light,https://superbowl-ads.com/2003-bud-light-third-arm/,,True,True,False,False,False,False,True,,,,,,,,
2014,Toyota,https://superbowl-ads.com/2014-toyota-highlander-no-room-for-boring/,https://www.youtube.com/watch?v=b01P9PaaoLk,True,True,False,True,False,True,False,b01P9PaaoLk,Toyota Highlander - Big Game Ad Starring Terry Crews and the Muppets 2014,HalfTime SuperBowl,2014-02-03T19:14:10Z,81141.0,554.0,36.0,63.0
2009,Bud Light,https://superbowl-ads.com/2009-bud-light-skier/,https://www.youtube.com/watch?v=LEVQAU_LITI,True,True,False,False,True,False,True,LEVQAU_LITI,Bud Light - Skier Super Bowl XLIII Commercial 2009,reggiep08v2,2009-02-02T01:37:54Z,30702.0,37.0,7.0,32.0
2014,Kia,https://superbowl-ads.com/2014-kia-the-truth/,https://www.youtube.com/watch?v=FTNMYoKHwvU,False,False,False,True,True,False,False,FTNMYoKHwvU,'The Truth'   Official Kia Quoris Morpheus Big Game Commercial 2014,KIA OMAN,2014-02-13T05:35:32Z,87343.0,1286.0,83.0,93.0
2014,Hynudai,https://superbowl-ads.com/2014-hyundai-elantra-nice/,https://www.youtube.com/watch?v=2jMWybAKjWw,True,True,False,True,True,False,True,2jMWybAKjWw,Nice - Hyundai Elantra - Super Bowl Commercial 2014,HalfTime SuperBowl,2014-02-03T19:16:21Z,5065.0,44.0,2.0,32.0
2013,Bud Light,https://superbowl-ads.com/video-bud-light-2013-super-bowl-xlvii-commercial-lucky-chair/,https://www.youtube.com/watch?v=7HMTkEMdqBQ,True,True,True,True,True,True,True,7HMTkEMdqBQ,Super Bowl XLVII - Bud Light: The Lucky Chair (2013),Mister Alcohol,2013-08-21T07:12:08Z,1732.0,,0.0,61.0
2008,Bud Light,https://superbowl-ads.com/2008-bud-light-wheel-suck/,https://www.youtube.com/watch?v=WX8Du9pusdA,True,True,False,False,False,False,False,WX8Du9pusdA,Bud Light Wheel Suck Commercial,BudBowlXLII,2008-02-01T22:34:12Z,602560.0,779.0,85.0,32.0
2003,Budweiser,https://superbowl-ads.com/2003-budweiser-great-listener/,https://www.youtube.com/watch?v=zx4SnN9HuRw,True,True,False,False,False,False,False,zx4SnN9HuRw,Budweiser great listener,Adrian Ciocoiu,2010-01-04T19:29:19Z,28906.0,17.0,0.0,31.0
2013,Bud Light,https://superbowl-ads.com/video-bud-light-2013-super-bowl-xlvii-ad-journey/,https://www.youtube.com/watch?v=leptS7k6sLE,True,True,False,True,False,False,False,leptS7k6sLE,Super Bowl Ad 2013 Bud Light Journey Stevie Wonder,Iulian Craciun,2013-09-01T05:29:21Z,524.0,1.0,0.0,61.0
2011,Doritos,https://superbowl-ads.com/2011-doritos-pug-attack/,https://www.youtube.com/watch?v=1A6frF5zfDE,True,True,False,False,True,True,False,1A6frF5zfDE,Doritos pug attack commercial original,Tvadcentral,2011-06-20T23:59:47Z,246204.0,1447.0,68.0,30.0
2005,Bud Light,https://superbowl-ads.com/2005-bud-light-skydiver/,https://www.youtube.com/watch?v=Y9wyIID8Khs,True,False,False,False,False,False,False,Y9wyIID8Khs,,,,,,,
2005,Budweiser,https://superbowl-ads.com/2005-budweiser-tryouts/,,True,False,False,False,False,True,False,,,,,,,,
2014,Doritos,https://superbowl-ads.com/2014-doritos-time-machine/,https://www.youtube.com/watch?v=Y-P0Hs0ADJY,True,True,False,False,False,True,False,Y-P0Hs0ADJY,Doritos Time Machine - Crash the Super Bowl 2014 WINNER OFFICIAL,Ryan Thomas Andersen,2013-11-17T22:52:21Z,9237706.0,26379.0,809.0,31.0
2008,Bud Light,https://superbowl-ads.com/2008-bud-light-wine-cheese-party/,https://www.youtube.com/watch?v=aEWtTVaIH0M,True,False,False,False,False,False,False,aEWtTVaIH0M,Bud Light Wine & Cheese Party Commercial,BudBowlXLII,2008-02-01T22:05:19Z,558657.0,414.0,45.0,32.0
2012,Pepsi,https://superbowl-ads.com/2012-pepsi-kings-court/,https://www.youtube.com/watch?v=3rZs8ZKTsp0,False,True,False,True,False,False,False,3rZs8ZKTsp0,Super Bowl 2012 Commercial: Pepsi - King's Court,selectionadawards,2012-02-03T16:36:54Z,592282.0,1562.0,295.0,63.0
2012,Doritos,https://superbowl-ads.com/2012-doritos-mans-best-friend/,https://www.youtube.com/watch?v=kMmd0WaQFGE,True,False,False,False,True,True,False,kMmd0WaQFGE,Doritos Crash the Superbowl Winner 2012 - Man's Best Friend,Frame25 Productions,2014-11-06T15:01:28Z,219432.0,564.0,68.0,31.0
2012,Toyota,https://superbowl-ads.com/2012-toyota-camry-its-reinvented/,https://www.youtube.com/watch?v=oYdJKey7VpU,True,True,False,False,True,True,True,oYdJKey7VpU,Toyota Camry 2012 Super Bowl Commercial shows Reinvented Possibilities,autos4saleinsider,2012-02-05T18:28:12Z,140689.0,1401.0,68.0,61.0
2016,Doritos,https://superbowl-ads.com/doritos-2016-super-bowl-50-ad-ultrasound/,https://www.youtube.com/watch?v=Qh_gOK6xDNA,True,True,False,False,False,False,False,Qh_gOK6xDNA,Super Bowl 50: Doritos Ad,The Wall Street Journal,2016-02-07T23:57:37Z,2163247.0,14642.0,599.0,30.0
2002,Bud Light,https://superbowl-ads.com/2002-bud-light-falcon/,https://www.youtube.com/watch?v=ZBD4dYTpYAU,True,True,False,False,True,True,True,ZBD4dYTpYAU,Bud Light - Hawk Superbowl XXXVI Commercial,Unknown Classics!,2017-12-26T08:00:04Z,6034.0,26.0,1.0,30.0
2002,Bud Light,https://superbowl-ads.com/2002-bud-light-robobash/,https://www.youtube.com/watch?v=oJvsWvaTr4w,True,False,False,False,True,False,False,oJvsWvaTr4w,Bud Light Battle Bot commercial,Bartlett373,2008-05-29T10:34:49Z,71335.0,240.0,34.0,31.0
2013,E-Trade,https://superbowl-ads.com/video-etrade-baby-2013-super-bowl-xlvii-commercial-save-it/,https://www.youtube.com/watch?v=F0nhq4GO90s,True,True,False,False,False,True,False,F0nhq4GO90s,E TRADE Baby Super Bowl Commercial  Save It,JungleJuice2000,2013-02-04T03:24:40Z,225.0,1.0,,31.0
2008,Bud Light,https://superbowl-ads.com/2008-bud-light-breathe-fire/,https://www.youtube.com/watch?v=AhqPl1IKVo4,True,True,False,False,True,True,False,AhqPl1IKVo4,Budweiser breath fire superbowl commercial,RK,2008-02-04T01:12:21Z,25087.0,27.0,5.0,31.0
2012,Coca-Cola,https://superbowl-ads.com/2012-coca-cola-arghh-ny-bear/,https://www.youtube.com/watch?v=jhvAXT9R_3U,False,True,False,False,False,True,False,jhvAXT9R_3U,Coke Coca Cola Polar Bears Super Bowl Open Happiness Campaign 'Argh' TVC Commercial Advert in 2012,Travel Links Directory,2013-05-25T19:32:12Z,37945.0,195.0,2.0,33.0
2004,Pepsi,https://superbowl-ads.com/2004-pepsi-jimi-hendrix/,https://www.youtube.com/watch?v=NOOmu1Rz17Y,True,True,False,False,False,False,False,NOOmu1Rz17Y,Jimi Hendrix Pepsi Vs Coca Cola Commercial,rorys50,2010-03-14T17:56:01Z,86046.0,476.0,64.0,31.0
2010,Doritos,https://superbowl-ads.com/hd-exclusive-dog-shock-collar-doritos-commercial-super-bowl-44-2010-super-bowl-xliv/,https://www.youtube.com/watch?v=UBaZDWIs3fs,True,True,False,False,True,True,False,UBaZDWIs3fs,"Doritos SuperBowl Commercial - ""Dog Shock Collar""",DrewSch8,2010-02-08T01:33:11Z,135327.0,286.0,15.0,31.0
2012,Kia,https://superbowl-ads.com/2012-kia-optima-drive-the-dream-extended-version/,https://www.youtube.com/watch?v=9RI6OGXq11Y,True,False,False,True,False,False,True,9RI6OGXq11Y,A Dream Car. For Real Life - 2012 Kia Optima Big Game Full Commercial - Extended Version,Hendy Group,2012-02-14T13:28:18Z,111658.0,991.0,94.0,91.0
2012,NFL,https://superbowl-ads.com/2012-nfl-timeline/,https://www.youtube.com/watch?v=CPr4-P19NtE,False,True,False,True,False,False,False,CPr4-P19NtE,NFL Timeline,NFLSuperBowlAd,2012-02-03T23:55:12Z,421701.0,2253.0,208.0,61.0
2005,Bud Light,https://superbowl-ads.com/2005-bud-light-sharon/,,True,True,False,False,False,False,True,,,,,,,,
2010,Hynudai,https://superbowl-ads.com/hd-exclusive-2010-super-bowl-xliv-commercial-with-brett-favre-hyundai-commercial/,https://www.youtube.com/watch?v=KqAWv2wCW8I,False,False,False,True,False,False,False,KqAWv2wCW8I,[HD] Super Bowl 2010 Commercial with Brett Favre | New Hyundai Super Bowl 44 XLIV Commercial,World Hyundai Matteson,2010-02-04T17:20:09Z,178558.0,309.0,92.0,32.0
2004,Bud Light,https://superbowl-ads.com/2004-bud-light-paintball/,https://www.youtube.com/watch?v=qbS0gF3YdBg,True,True,False,False,True,False,False,qbS0gF3YdBg,Bud Light Paintball Commercial.avi,70R0N70,2010-09-07T15:09:18Z,776.0,9.0,1.0,31.0
2008,Bud Light,https://superbowl-ads.com/2008-bud-light-x-ray-vision/,https://www.youtube.com/watch?v=cOEMI8HRhlA,True,True,False,False,False,False,True,cOEMI8HRhlA,,,,,,,
2016,Toyota,https://superbowl-ads.com/pokemon-2016-super-bowl-50-ad-20-years-2/,https://www.youtube.com/watch?v=KLkQ9c9-QFI,True,False,False,False,True,False,False,KLkQ9c9-QFI,,,,,,,
2006,Bud Light,https://superbowl-ads.com/2006-bud-light-magic-fridge/,https://www.youtube.com/watch?v=67dRRrRz2t8,True,True,False,False,False,False,False,67dRRrRz2t8,Funny Bud Light Commercial Secret Magic Fridge,FunniestAds,2012-12-17T18:18:48Z,181236.0,1828.0,55.0,31.0
2007,Coca-Cola,https://superbowl-ads.com/2007-coca-cola-happiness-factory/,https://www.youtube.com/watch?v=NwZpO6saPxI,False,True,False,False,False,True,False,NwZpO6saPxI,Coca-Cola Happiness Factory commercial HD,vrem,2008-12-07T21:31:15Z,14752.0,37.0,1.0,61.0
2007,Budweiser,https://superbowl-ads.com/2007-budweiser-dalmatian/,https://www.youtube.com/watch?v=esOPYOeotTU,False,False,False,False,True,True,False,esOPYOeotTU,2014 Super Bowl Commercial Budweiser Dalmatian - 2007 Super Bowl Commercial TVC,Best Funny TVC Commercials n Trailers,2014-03-09T16:21:42Z,55537.0,66.0,3.0,61.0
2013,Doritos,https://superbowl-ads.com/video-doritos-2013-super-bowl-xlvii-ad-fashionista-daddy/,https://www.youtube.com/watch?v=w_2k5LMeduc,True,True,False,False,False,False,False,w_2k5LMeduc,Fashionista Daddy - Doritos Super Bowl Commercial,Cindy Doritos,2012-12-31T05:22:05Z,1460391.0,2645.0,,31.0
2010,Bud Light,https://superbowl-ads.com/hd-exclusive-bud-light-auto-tune-t-pain-2010-superbowl-44-xliv-commercial-ad/,https://www.youtube.com/watch?v=bDhjcP02GQg,True,True,False,True,False,False,False,bDhjcP02GQg,t-pain bud light superbowl 44 commercial hd,corymahler1,2010-02-08T01:52:12Z,39811.0,154.0,18.0,31.0
2009,Doritos,https://superbowl-ads.com/2009-doritos-power-of-the-crunch/,https://www.youtube.com/watch?v=7DZao4kN73M,True,True,False,False,True,True,True,7DZao4kN73M,Power of the Crunch,DoritosCTSB,2009-01-31T23:48:04Z,677939.0,2062.0,212.0,33.0
2009,Coca-Cola,https://superbowl-ads.com/2009-coke-zero-mean-troy/,https://www.youtube.com/watch?v=XKFUcEkIbEg,True,True,False,True,True,False,False,XKFUcEkIbEg,Mean Troy - Coke Zero Super Bowl Ad,LakaiSkater3,2009-02-02T06:06:22Z,46972.0,101.0,20.0,62.0
2009,Pepsi,https://superbowl-ads.com/2009-pepsi-anthem/,https://www.youtube.com/watch?v=WIzKwJmYLNs,False,False,True,True,True,False,False,WIzKwJmYLNs,Pepsi Super Bowl 2009 Commercial: Anthem,FunnyAdsWorldCom,2009-08-09T23:12:05Z,1989.0,13.0,3.0,62.0
2001,E-Trade,https://superbowl-ads.com/2001-etrade-dot-com-ghost-town/,https://www.youtube.com/watch?v=ONZFkqzuMjI,False,False,False,False,True,True,False,ONZFkqzuMjI,E-Trade Chimp On a Horse TV Commercial,Nikos Kapsomenakis,2006-11-25T00:50:12Z,113145.0,267.0,3.0,31.0
2018,Bud Light,https://superbowl-ads.com/bud-light-ye-olde-pep-talk/,https://www.youtube.com/watch?v=xza7T89Lda4,True,True,False,False,True,True,False,xza7T89Lda4,,,,,,,
2015,Doritos,https://superbowl-ads.com/2015-doritos-cheesy-pirates/,,True,False,False,False,True,False,True,,,,,,,,
2010,Kia,https://superbowl-ads.com/hd-exclusive-kias-big-game-commercial-2010-super-bowl-44-xliv-ad/,https://www.youtube.com/watch?v=7q2yVq6fDEg,True,True,False,False,False,True,True,7q2yVq6fDEg,Kia - Big Game (2010 Super bowl Ad),UnbuyestAuto,2010-02-07T19:56:19Z,55114.0,128.0,16.0,61.0
2008,Doritos,https://superbowl-ads.com/2008-doritos-mouse-trap/,https://www.youtube.com/watch?v=h8qgk5tXuUA,True,True,False,False,True,False,False,h8qgk5tXuUA,"Funny Super Bowl Commercial 2008 - Doritos: ""Mouse Trap""",ClearBroadcasting,2008-02-04T18:43:56Z,321027.0,1772.0,151.0,31.0
2012,Coca-Cola,https://superbowl-ads.com/2012-coca-cola-superstition/,https://www.youtube.com/watch?v=x1nttVdja9s,False,True,False,False,False,True,False,x1nttVdja9s,"Coke 2012 Commercial - Coca-Cola Open Happiness - ""Superstition""",Coca-Cola Open Happiness,2013-10-28T06:50:01Z,22126.0,135.0,4.0,33.0
2011,Hynudai,https://superbowl-ads.com/2011-hyundai-super-bowl-commercial-deprogramming-video/,https://www.youtube.com/watch?v=32d5c_IW2Xc,False,False,False,False,False,True,False,32d5c_IW2Xc,"Hyundai ""Deprogramming""",StylewarSweden,2016-05-27T11:10:55Z,244.0,2.0,0.0,61.0
2008,Coca-Cola,https://superbowl-ads.com/2008-coca-cola-political-parties/,https://www.youtube.com/watch?v=2_LWZe2BGaE,True,True,True,True,False,False,False,2_LWZe2BGaE,Coca-Cola: Political Parties (Super Bowl 42 Commercial),5uperBowl42,2008-02-05T08:17:44Z,14771.0,44.0,7.0,64.0
2000,Bud Light,https://superbowl-ads.com/2000-bud-light-she-has-a-cat/,,True,False,False,False,True,True,True,,,,,,,,
2019,Kia,https://superbowl-ads.com/2020-kia-telluride-give-it-everything/,https://www.youtube.com/watch?v=sS8dkRhDirY,False,False,True,False,False,True,False,sS8dkRhDirY,2019 Super Bowl Kia Telluride,Carol Bamford,2019-12-19T19:45:59Z,5186.0,,,91.0
2002,Bud Light,https://superbowl-ads.com/2002-bud-light-satin-sheets/,https://www.youtube.com/watch?v=-LwSb4cCAnw,True,False,False,False,True,False,True,-LwSb4cCAnw,Bud Light - Satin Sheets,SuperBowlsSpots,2013-01-29T22:17:05Z,109027.0,428.0,17.0,33.0
2013,Kia,https://superbowl-ads.com/video-2013-kia-super-bowl-xlvii-commercial-space-babies/,https://www.youtube.com/watch?v=k5vbGQb7jR0,True,False,False,False,False,True,True,k5vbGQb7jR0,"KIA SORENTO ""SPACE BABIES""",Stash Magazine,2013-11-08T06:13:04Z,15514.0,62.0,,61.0
2008,Pepsi,https://superbowl-ads.com/2008-pepsi-every-sip-with-justin-timberlake/,https://www.youtube.com/watch?v=AKKM8sP24BE,True,False,False,True,True,False,True,AKKM8sP24BE,Justin Timberlake Pepsi Ad,krazytyme,2009-01-17T07:54:08Z,244810.0,648.0,68.0,64.0
2019,Bud Light,https://superbowl-ads.com/2019-bud-light-special-delivery/,https://www.youtube.com/watch?v=eIlX0Gg0GRI,True,True,False,False,True,False,False,eIlX0Gg0GRI,,,,,,,
2011,Hynudai,https://superbowl-ads.com/2011-hyundai-super-bowl-commercial-anachronistic-city-video/,https://www.youtube.com/watch?v=-BVMOKtawUk,False,False,False,False,False,False,False,-BVMOKtawUk,Hyundai - Anachronistic City.mp4,Kali II,2012-05-21T09:45:55Z,93.0,0.0,0.0,31.0
2008,Bud Light,https://superbowl-ads.com/2008-bud-light-language-of-love/,https://www.youtube.com/watch?v=Ao0x4zsb724,True,True,True,True,False,False,True,Ao0x4zsb724,Bud Light Language of Love Commercial,BudBowlXLII,2008-02-01T22:22:55Z,736477.0,597.0,119.0,32.0
2008,Bud Light,https://superbowl-ads.com/2008-bud-light-jackie-moon-will-ferrell/,https://www.youtube.com/watch?v=ecqiZn2DDFQ,True,True,False,True,False,False,True,ecqiZn2DDFQ,Bud Light Jackie Moon TV Commercial,BudBowlXLII,2008-02-02T21:06:05Z,1064898.0,1405.0,174.0,32.0
2010,E-Trade,https://superbowl-ads.com/hd-exclusive-e-trade-baby-girlfriend-2010-superbowl-44-xliv-commercial-ad/,https://www.youtube.com/watch?v=tbLTl7egwlU,True,True,False,False,False,False,True,tbLTl7egwlU,E-Trade Baby Girlfriend Super Bowl Commercial 2010,FunnyInternetVids,2010-02-08T02:51:01Z,1063159.0,1272.0,201.0,31.0
2013,Budweiser,https://superbowl-ads.com/video-budweiser-black-crown-2013-super-bowl-xlvii-ad-celebration/,https://www.youtube.com/watch?v=2WNvlXoDs7w,False,True,False,False,False,False,True,2WNvlXoDs7w,Budweiser Black Crown - Celebration - Super Bowl 2013 Ads,Target Latino,2013-02-07T03:48:14Z,380.0,1.0,0.0,33.0
2001,Pepsi,https://superbowl-ads.com/2001-pepsi-roller-coaster/,https://www.youtube.com/watch?v=MwfL-DkL1Vg,True,True,False,False,False,False,True,MwfL-DkL1Vg,funny pepsi commercial,shai1209,2007-08-02T02:11:49Z,66461.0,114.0,36.0,31.0
2018,Coca-Cola,https://superbowl-ads.com/diet-coke-twisted-mango-groove/,https://www.youtube.com/watch?v=nkGd47iB-wU,False,True,False,False,False,False,True,nkGd47iB-wU,"Diet Coke Twisted Mango Super Bowl 2018 TV Commercial, 'Groove' Ft  Hayley Magnus",Top Super Bowl 2022 Commercials,2020-02-24T20:20:40Z,1874.0,17.0,4.0,31.0
2003,Bud Light,https://superbowl-ads.com/2003-bud-light-upside-down-clown/,https://www.youtube.com/watch?v=DTvxyDwP2CA,True,True,False,False,False,False,False,DTvxyDwP2CA,Bud Light commercial - upside down clown,davey boy phelan,2007-06-16T01:22:34Z,196279.0,263.0,41.0,31.0
2011,Pepsi,https://superbowl-ads.com/2011-pepsi-max-love-hurts/,https://www.youtube.com/watch?v=r4eyQBvcBUA,True,True,False,False,True,False,True,r4eyQBvcBUA,PEPSI MAX - LOVE HURTS,Matter Collective,2014-01-17T00:07:33Z,296669.0,688.0,13.0,31.0
2018,E-Trade,https://superbowl-ads.com/etrade-commercial-this-is-getting-old/,https://www.youtube.com/watch?v=Qx5-AZlfjp4,True,False,True,False,False,False,True,Qx5-AZlfjp4,"ETrade ""This Is Getting Old"" 2018 Super Bowl Commercial",Crew Hound,2018-02-05T00:21:08Z,39816.0,188.0,17.0,31.0
2016,Budweiser,https://superbowl-ads.com/budweiser-2016-super-bowl-50-ad-not-backing/,https://www.youtube.com/watch?v=to4dhysGYD0,False,True,True,False,False,True,False,to4dhysGYD0,"Super Bowl 50 - Budweiser: ""Not Backing Down"" (2016)",Mister Alcohol,2016-02-21T11:08:46Z,9991.0,,3.0,31.0
2008,Coca-Cola,https://superbowl-ads.com/2008-coca-cola-its-mine/,https://www.youtube.com/watch?v=-ACk9mRky5k,True,True,False,True,True,True,False,-ACk9mRky5k,"Coca Cola ""It's Mine"" Super Bowl commercial",alohawarriorchief,2008-10-05T03:35:32Z,93349.0,377.0,38.0,63.0
2013,Kia,https://superbowl-ads.com/video-kia-forte-2013-super-bowl-xlvii-commercial-hot-bots/,https://www.youtube.com/watch?v=yhPBzlB6VJI,True,True,False,False,True,False,True,yhPBzlB6VJI,"Kia 'Hot Bots' - 2014 Kia Forte Super Bowl XLVII Car Ad (HD) ""Respect the tech"" - Official TV Spot",garveyauto,2013-02-02T21:59:20Z,49600.0,332.0,46.0,41.0
2014,Coca-Cola,https://superbowl-ads.com/2014-coca-cola-its-beautiful/,https://www.youtube.com/watch?v=D4BC8zUfNhU,False,True,True,False,False,True,False,D4BC8zUfNhU,"Coca Cola Super Bowl Commercial 2014 ""Its Beautiful"" HD 720p",Trailer Tube,2014-02-03T00:56:01Z,108208.0,486.0,,61.0
2012,Budweiser,https://superbowl-ads.com/2012-budweiser-return-of-the-king/,https://www.youtube.com/watch?v=TieDNumMwOc,False,True,True,False,False,True,False,TieDNumMwOc,Budweiser Return of the King 2012 Super Bowl commercial,Best Ads Channel,2019-05-14T10:33:01Z,204.0,0.0,0.0,61.0
2004,Bud Light,https://superbowl-ads.com/2004-bud-light-fergus/,https://www.youtube.com/watch?v=j7QA9oHpduk,True,True,False,False,True,True,False,j7QA9oHpduk,Bud Light Ad   Fergus Bud Light Bad dog!,Mr. Goodstuff,2015-08-06T00:34:11Z,14811.0,73.0,2.0,31.0
2007,Bud Light,https://superbowl-ads.com/2007-bud-light-class-with-carlos-mencia/,https://www.youtube.com/watch?v=670X2MCWzK0,True,True,False,True,False,False,False,670X2MCWzK0,Super Bowl XLI Commercial -Bud Light Starring: Carlos Mencia,gocubs19,2007-02-05T04:23:12Z,961647.0,1305.0,179.0,29.0
2007,Budweiser,https://superbowl-ads.com/2007-budweiser-don-shula-vs-jayz/,https://www.youtube.com/watch?v=YnGpb8lbPOI,False,False,False,True,False,False,False,YnGpb8lbPOI,Universal Casting Budweiser Commercial,Universal Casting,2015-09-28T18:21:03Z,496.0,1.0,1.0,64.0
2019,Kia,https://superbowl-ads.com/2019-kia-the-great-unknowns-what-if/,https://www.youtube.com/watch?v=nONhop0Kq-E,False,False,True,False,False,False,False,nONhop0Kq-E,Commercial Ads 2019 - KIA - The Great Unknowns – What If?,The Star Ads,2019-01-25T17:08:54Z,1135.0,3.0,0.0,41.0
2002,Budweiser,https://superbowl-ads.com/2002-budweiser-tushy/,,True,True,False,False,False,False,True,,,,,,,,
2010,E-Trade,https://superbowl-ads.com/hd-exclusive-e-trade-baby-first-class-2010-super-bowl-44-xliv-commercial-ad/,https://www.youtube.com/watch?v=tVrE5-eiSNA,True,False,False,False,False,False,False,tVrE5-eiSNA,[HD] Exclusive E-Trade Baby First Class 2010 Super Bowl 44 XLIV Commercial Ad,2010SuperBowlXLIV,2010-02-08T05:57:35Z,27405.0,39.0,5.0,31.0
2003,Bud Light,https://superbowl-ads.com/2003-bud-light-mother-in-law/,https://www.youtube.com/watch?v=RuIXFuwLb2s,True,True,False,False,False,False,False,RuIXFuwLb2s,Bud Light Commercial-Mother-in-Law,Candee Kisses,2008-01-03T02:43:15Z,209957.0,584.0,78.0,31.0
2018,Toyota,https://superbowl-ads.com/toyota-2018-big-game-ad-one-team/,https://www.youtube.com/watch?v=QwF3ipuNyfc,True,True,True,False,False,False,False,QwF3ipuNyfc,,,,,,,
2003,Budweiser,https://superbowl-ads.com/2003-budweiser-instant-replay/,https://www.youtube.com/watch?v=hM79LTkT7ek,True,True,False,False,False,True,False,hM79LTkT7ek,"Budweiser ""Instant Replay"" 2003",BetterBrandsSC,2012-12-12T19:37:25Z,5190.0,17.0,3.0,31.0
2013,Budweiser,https://superbowl-ads.com/video-budweiser-2013-super-bowl-xlvii-ad-the-clydesdales-brotherhood/,https://www.youtube.com/watch?v=eJucRz8kYo0,False,True,False,False,False,True,False,eJucRz8kYo0,"The Clydesdales ""Brotherhood"" - 2013 Budweiser Super Bowl  [Commercial]",PegaseBuzz,2013-01-31T21:08:09Z,870830.0,8409.0,425.0,73.0
2010,Budweiser,https://superbowl-ads.com/hd-exclusive-budweiser-body-bridge-2010-super-bowl-44-xliv-commercial-ad/,https://www.youtube.com/watch?v=IQHlA9qKJv4,True,True,True,False,False,True,False,IQHlA9qKJv4,Budweiser - Body Bridge (2010) [HD],Aires De Bares,2012-07-02T17:25:32Z,90.0,1.0,0.0,61.0
2003,Bud Light,https://superbowl-ads.com/2003-bud-light-no-pets-allowed/,https://www.youtube.com/watch?v=BKexURCYxtk,True,True,False,False,False,True,False,BKexURCYxtk,Budweiser - No dogs allowed,Denis Billi,2010-02-13T20:18:29Z,20371.0,90.0,2.0,31.0
2002,E-Trade,https://superbowl-ads.com/2002-etrade-monkey-musical/,https://www.youtube.com/watch?v=SK1i1iyE7RA,True,True,False,False,False,True,True,SK1i1iyE7RA,"E*TRADE Financial - Monkey Musical (2002, USA)",The Hall of Advertising,2018-02-10T11:29:30Z,3940.0,17.0,1.0,63.0
2006,Budweiser,https://superbowl-ads.com/2006-budweiser-on-the-roof/,https://www.youtube.com/watch?v=q05QIp5qbnY,True,True,False,False,True,False,False,q05QIp5qbnY,"Super Bowl 2006: Bud Light ""On the Roof""",John Keehler,2006-02-06T11:08:37Z,126999.0,203.0,11.0,34.0
2012,Coca-Cola,https://superbowl-ads.com/2012-coca-cola-catch-ne-bear/,https://www.youtube.com/watch?v=S2nBBMbjS8w,False,True,False,False,True,True,False,S2nBBMbjS8w,"Watch the 2012 Coke commercial: ""Catch"" featuring NE_Bear | Coca-Cola #Commercials",Coca-Cola,2012-02-04T00:12:24Z,26436620.0,112831.0,573.0,63.0
2019,Bud Light,https://superbowl-ads.com/2019-bud-light-trojan-horse-occupants/,https://www.youtube.com/watch?v=nScg3KmA_6k,True,True,False,False,False,False,False,nScg3KmA_6k,Bud Light When the Trojan horse goes wrong Commercial,Red Shirt Media,2019-10-19T00:00:06Z,754.0,3.0,1.0,16.0
2007,Toyota,https://superbowl-ads.com/2007-toyota-tundra-see-saw/,https://www.youtube.com/watch?v=D81uh6I-2Q4,False,True,False,False,False,False,False,D81uh6I-2Q4,Toyota Tundra See Saw,TundraSBSpot,2007-02-03T04:41:28Z,287458.0,223.0,105.0,31.0
2014,Hynudai,https://superbowl-ads.com/2014-hyundai-genesis-dads-sixth-sense/,https://www.youtube.com/watch?v=CyK63f0I1P0,True,False,False,False,True,False,True,CyK63f0I1P0,Cool Hyundai Super Bowl Commercial (2014) Dad's Sixth Sense - Hyundai Genesis,Test Drive,2016-08-22T17:58:19Z,43403.0,250.0,11.0,40.0
2006,Pepsi,https://superbowl-ads.com/2006-diet-pepsi-jackie-chan/,https://www.youtube.com/watch?v=sx0i7WgBOvs,True,True,False,True,True,False,False,sx0i7WgBOvs,Jackie Chan Diet Pepsi Ad,JCForum,2007-01-12T23:45:55Z,71485.0,85.0,13.0,32.0
2006,Pepsi,https://superbowl-ads.com/2006-diet-pepsi-brown-and-bubbly/,https://www.youtube.com/watch?v=d8f-PiELHls,True,True,False,True,False,False,True,d8f-PiELHls,Brown & Bubbly,stryke519,2006-08-10T02:34:30Z,7887.0,62.0,19.0,65.0
2015,Pepsi,https://superbowl-ads.com/pepsi-2015-super-bowl-xlix-ad-halftime-touches-down/,https://www.youtube.com/watch?v=IUU_ygKs3jA,False,True,False,False,False,True,False,IUU_ygKs3jA,Pepsi Super Bowl 2015  Halftime Touches Down Official   Hyped for Halftime   Pepsi,Raeg Raeg,2015-02-02T07:00:29Z,1143.0,3.0,0.0,32.0
2012,Bud Light,https://superbowl-ads.com/2012-bud-light-platinum-factory/,https://www.youtube.com/watch?v=3LPLXuHlOCI,False,True,False,False,False,False,False,3LPLXuHlOCI,Bud Light Platinum - Factory 2012 Super Bowl Commercial,SuperBowl2012Comms,2012-02-06T03:05:17Z,27587.0,104.0,38.0,31.0
2009,Doritos,https://superbowl-ads.com/2009-doritos-crystal-ball/,https://www.youtube.com/watch?v=Fdz0Q0GiEcc,True,True,False,False,True,False,False,Fdz0Q0GiEcc,Super Bowl 2009 Ad - Doritos Crystal Ball,ShortPunt,2009-02-02T04:12:57Z,42350.0,210.0,14.0,31.0
2006,Budweiser,https://superbowl-ads.com/2006-budweiser-streaker/,https://www.youtube.com/watch?v=Zb3fhsfs6ZU,True,False,False,False,False,True,True,Zb3fhsfs6ZU,Budweiser 'Lamb Streaker',CBS,2009-01-16T21:18:36Z,920297.0,2940.0,111.0,31.0
2014,Bud Light,https://superbowl-ads.com/2014-bud-light-cool-twist/,https://www.youtube.com/watch?v=_l1nWWiut0I,False,True,False,False,False,False,False,_l1nWWiut0I,Cool Twist   2014 Super Bowl XLVIII Commercial  Bud Light,Super Bowl,2014-02-03T02:26:48Z,12225.0,44.0,1.0,33.0
2005,Pepsi,https://superbowl-ads.com/2005-diet-pepsi-pdiddy/,https://www.youtube.com/watch?v=eXfNnSOOoVc,True,True,False,True,False,False,True,eXfNnSOOoVc,Pepsi Truck Commercial,bobbysr,2006-03-31T13:32:41Z,44786.0,99.0,12.0,91.0
2005,Bud Light,https://superbowl-ads.com/2005-bud-light-cedric-stranded/,https://www.youtube.com/watch?v=Q5Hu_FBUIsk,True,True,False,True,False,True,True,Q5Hu_FBUIsk,Bud Lighta Cedric a Island Fantasy 2005,omon007,2009-07-07T18:07:27Z,4262.0,9.0,2.0,31.0
2007,Bud Light,https://superbowl-ads.com/2007-bud-light-apes-plan/,https://www.youtube.com/watch?v=osn2rzClKh0,True,True,False,False,False,True,False,osn2rzClKh0,"2007 Super Bowl Commercials   Bud Light, Apes",Iulian Craciun,2013-09-01T03:53:33Z,197.0,0.0,0.0,31.0
2005,Pepsi,https://superbowl-ads.com/2005-diet-pepsi-hot-guy/,https://www.youtube.com/watch?v=bHY2miRSwh4,True,False,False,True,False,False,True,bHY2miRSwh4,"Diet Pepsi - Guy Watcher, Super Bowl (with Carson and Cindy, 2005)",Marketing The Rainbow,2017-12-03T11:46:01Z,1478.0,6.0,0.0,31.0
2015,Budweiser,https://superbowl-ads.com/2015-budweiser-lost-dog/,https://www.youtube.com/watch?v=otCxSnu_HXA,False,True,True,False,True,True,False,otCxSnu_HXA,2015 Budweiser Super Bowl XLIX Commercial Lost Dog Puppy BestBuds  TV Ad Spot,Michelle Martin,2015-02-01T04:04:01Z,550735.0,2447.0,107.0,107.0
2019,Bud Light,https://superbowl-ads.com/2019-bud-light-game-of-thrones-joust/,https://www.youtube.com/watch?v=8fhOItB0zUM,True,True,False,False,True,True,False,8fhOItB0zUM,Game of Thrones X Bud Light | Official Super Bowl LIII Ad | Extended Version | HBO,GameofThrones,2019-02-04T00:19:31Z,7779327.0,94218.0,7093.0,95.0
2004,Bud Light,https://superbowl-ads.com/2004-bud-light-cedric-gets-massage/,https://www.youtube.com/watch?v=gWqR28uRxXw,True,True,False,True,False,False,True,gWqR28uRxXw,Bud Light: Spa,BeerEntertainment,2008-03-13T22:10:13Z,42709.0,52.0,1.0,33.0
2003,Budweiser,https://superbowl-ads.com/2003-budweiser-roommate/,https://www.youtube.com/watch?v=R67qcUIbFhs,True,False,False,False,False,False,True,R67qcUIbFhs,Budweiser Ad Spot: Roommate,lecadvertising,2011-09-14T19:52:36Z,22136.0,12.0,0.0,32.0
2009,E-Trade,https://superbowl-ads.com/2009-etrade-talking-baby/,https://www.youtube.com/watch?v=PlqWRADszb0,True,True,False,False,False,False,False,PlqWRADszb0,ETRADE BABY Superbowl 43 XLIII Commercial,SuperBowlSammy,2009-02-02T03:46:14Z,409966.0,1138.0,62.0,34.0
2013,Pepsi,https://superbowl-ads.com/video-2013-pepsi-next-super-bowl-xlvii-commercial-party/,https://www.youtube.com/watch?v=WAySopBmbtI,True,False,False,False,False,False,True,WAySopBmbtI,Pepsi Super Bowl Commercial TV AD 2013 Party HD,TheNewsthatmatters1,2013-02-05T01:38:13Z,3350.0,7.0,0.0,44.0
2004,Budweiser,https://superbowl-ads.com/2004-budweiser-lipstick/,https://www.youtube.com/watch?v=zM4rU4jit5k,True,False,False,True,False,True,True,zM4rU4jit5k,Budweiser Dale Earnhardt Jr Forgotten Lipstick Commercial,MusicLuvr76,2009-04-22T05:43:25Z,124913.0,734.0,54.0,31.0
2009,Hynudai,https://superbowl-ads.com/2009-hyundai-assurance-contract/,https://www.youtube.com/watch?v=lzQ2NeqjYS0,False,True,False,False,False,False,False,lzQ2NeqjYS0,Hyundai Assurance Super Bowl Ad [HQ],Nenor,2009-02-07T21:50:32Z,8776.0,7.0,0.0,31.0
2014,Budweiser,https://superbowl-ads.com/2014-budweiser-puppy-love/,https://www.youtube.com/watch?v=gUGGepL5gGU,False,False,True,False,False,True,False,gUGGepL5gGU,"Budweiser Puppy Commercial - Budweiser super bowl commercial 2014 ""Puppy love"" [EXTENDED]",Sherwood Forest,2014-01-31T18:59:10Z,82545.0,234.0,10.0,188.0
2003,Pepsi,https://superbowl-ads.com/2003-pepsi-twist-osbornes/,https://www.youtube.com/watch?v=dnHEqQGl0yA,True,True,False,True,False,False,False,dnHEqQGl0yA,Pepsi Twist Commercial (Feat. Osmonds & Osbournes),Donny Osmond,2010-04-20T17:56:51Z,206209.0,,,47.0
2015,Coca-Cola,https://superbowl-ads.com/2015-coca-cola-make-it-happy/,https://www.youtube.com/watch?v=1AeG8tCzTGw,False,False,False,False,False,False,False,1AeG8tCzTGw,Coca-Cola: 'Make It Happy',USA TODAY Sports,2015-02-02T00:15:48Z,114298.0,657.0,74.0,61.0
2003,NFL,https://superbowl-ads.com/2003-nfl-crazy-with-don-cheadle/,https://www.youtube.com/watch?v=Bs0Iwwl-5Lk,False,False,False,True,False,False,False,Bs0Iwwl-5Lk,NFL- Crazy,joel arzu,2009-01-29T16:38:52Z,19121.0,44.0,4.0,61.0
2012,Doritos,https://superbowl-ads.com/2012-doritos-sling-baby/,https://www.youtube.com/watch?v=6SWNLDdnz0A,True,True,False,False,False,False,False,6SWNLDdnz0A,Doritos Sling Baby,Madison McQueen,2013-04-12T22:49:58Z,187803645.0,315831.0,1562.0,31.0
2002,Pepsi,https://superbowl-ads.com/2002-pepsi-generations-with-britney-spears/,https://www.youtube.com/watch?v=TG4giyL-4Sk,False,True,False,True,False,False,True,TG4giyL-4Sk,,,,,,,
2002,Bud Light,https://superbowl-ads.com/2002-bud-light-cedric-advice/,https://www.youtube.com/watch?v=OfLLLnAngZI,True,True,False,True,True,False,True,OfLLLnAngZI,Bud Light - Cedric the entertainer Superbowl XXXVI Commercial 2002,Unknown Classics!,2017-12-27T08:00:03Z,7986.0,34.0,6.0,31.0
2000,Budweiser,https://superbowl-ads.com/2000-budweiser-whaasup/,https://www.youtube.com/watch?v=JJmqCKtJnxM,True,True,False,False,False,False,False,JJmqCKtJnxM,budweiser wassup commercial,simongir,2006-09-30T13:00:17Z,6864240.0,61364.0,3199.0,61.0
2001,Bud Light,https://superbowl-ads.com/2001-bud-light-cedric-the-entertainer/,https://www.youtube.com/watch?v=h-HHbtwX5vY,True,False,False,True,False,False,True,h-HHbtwX5vY,Bud Light - Cedric Date,SuperBowlsSpots,2013-01-29T21:49:04Z,1273.0,4.0,0.0,31.0
2013,Hynudai,https://superbowl-ads.com/video-2013-hyundai-genesis-super-bowl-xlvii-commercial/,https://www.youtube.com/watch?v=mOatp4Xi7IU,False,True,False,False,False,False,False,mOatp4Xi7IU,2013 Hyundai Genesis Super Bowl 2013 Commercial 'Excited',World Hyundai Matteson,2013-02-04T04:41:49Z,3652.0,21.0,1.0,31.0
2015,Toyota,https://superbowl-ads.com/toyota-camry-2015-super-bowl-xlix-ad-my-bold-dad/,https://www.youtube.com/watch?v=9u4--TxE2gI,False,True,True,False,False,False,False,9u4--TxE2gI,,,,,,,
2000,Budweiser,https://superbowl-ads.com/2000-budweiser-rex/,https://www.youtube.com/watch?v=GgXsLHifz9k,True,False,False,False,True,True,False,GgXsLHifz9k,Super Bowl XXXIV Commercial. Budweiser. The Dog Star.,maXXXXXpower,2008-03-10T02:23:56Z,117171.0,173.0,9.0,61.0
2001,Doritos,https://superbowl-ads.com/2001-doritos-ali-landry/,https://www.youtube.com/watch?v=xbrvsJZSxok,True,True,False,True,False,False,True,xbrvsJZSxok,Dorrito's featuring Ali Landry Television Commercial 2001 Tennis,Analog Memories,2017-06-13T23:50:34Z,5450.0,20.0,0.0,18.0
2016,Doritos,https://superbowl-ads.com/doritos-2016-super-bowl-50-ad-doritos-dogs/,https://www.youtube.com/watch?v=MNRAdrB9TSs,True,True,False,False,False,True,False,MNRAdrB9TSs,Doritos Dogs - Crash the Super Bowl 2016 WINNER OFFICIAL,Doritos Dogs,2015-11-15T20:53:00Z,1793364.0,4779.0,273.0,31.0
2008,Bud Light,https://superbowl-ads.com/2008-bud-light-ability-to-fly/,https://www.youtube.com/watch?v=-axbiEJiRGw,True,True,False,False,False,False,False,-axbiEJiRGw,"New Super Bowl Commercial 2008 -  Bud Light: ""Ability to Fly",ClearBroadcasting,2008-02-04T20:04:33Z,9696.0,13.0,1.0,32.0
2007,Doritos,https://superbowl-ads.com/2007-doritos-check-out-girl/,https://www.youtube.com/watch?v=nIcFZzdXSrU,True,True,False,False,False,False,True,nIcFZzdXSrU,2007 Super Bowl Commercial Doritos Checkout Girl,cmetsbeltran15,2007-02-05T14:59:51Z,302530.0,312.0,53.0,31.0
2001,NFL,https://superbowl-ads.com/2001-nfl-perfect-day/,,False,False,False,True,False,False,False,,,,,,,,
2001,Pepsi,https://superbowl-ads.com/2001-pepsi-bob-dole/,https://www.youtube.com/watch?v=6h7wifUL8mk,True,False,True,True,False,True,True,6h7wifUL8mk,Pepsi - Bob Dole Super Bowl XXXV 2001,Rtrt67,2012-09-08T20:05:25Z,13371.0,18.0,3.0,46.0
2014,NFL,https://superbowl-ads.com/nfl-now/,,False,True,False,False,False,False,False,,,,,,,,
2012,Budweiser,https://superbowl-ads.com/2012-budweiser-eternal-optimism/,https://www.youtube.com/watch?v=_GeiOdHsW_8,False,True,True,False,False,True,True,_GeiOdHsW_8,"The Cult "" She Sells Sanctuary"" - Budweiser: 'Eternal Optimism' Ad",TheCULTFamily,2012-02-05T03:27:52Z,235366.0,650.0,279.0,64.0
2001,Pepsi,https://superbowl-ads.com/2001-pepsi-kasparov-vs-pepsi-machine/,https://www.youtube.com/watch?v=pldGc0Cpf84,True,False,False,True,True,False,False,pldGc0Cpf84,Pepsi - Chessmaster Garry Kasparov Super Bowl XXXV 2001,Rtrt67,2012-09-08T19:53:53Z,11335.0,155.0,5.0,61.0
2001,E-Trade,https://superbowl-ads.com/2001-etrade-security-guard/,https://www.youtube.com/watch?v=39BL7iqe6pQ,True,False,False,False,True,False,False,39BL7iqe6pQ,ETrade Commercial - Matrix,edgesmash,2008-01-11T18:18:39Z,6890.0,15.0,2.0,31.0
2001,Budweiser,https://superbowl-ads.com/2001-budweiser-nsync/,https://www.youtube.com/watch?v=H9YdunAo3Ug,False,False,False,True,False,False,False,H9YdunAo3Ug,NSync - Budweiser Commercial,thesilverd0e,2007-12-14T23:33:27Z,87617.0,504.0,102.0,28.0
