brand,year,baseline_median,peak_views,spike_ratio
Bud Light,2016,84.0,524,6.238095238095238
Bud Light,2017,73.5,556,7.5646258503401365
Bud Light,2018,75.0,286,3.8133333333333335
Bud Light,2019,93.0,744,8.0
Bud Light,2020,92.0,312,3.391304347826087
Bud Light,2021,71.0,410,5.774647887323944
Bud Light,2022,74.0,158,2.135135135135135
Bud Light,2023,41.5,180,4.337349397590361
Bud Light,2024,180.5,405,2.2437673130193905
Bud Light,2025,126.0,354,2.8095238095238093
Bud Light,2026,97.0,445,4.587628865979381
Budweiser,2016,1263.0,12566,9.949326999208234
Budweiser,2017,1483.5,31389,21.158746208291202
Budweiser,2018,1719.5,7700,4.478045943588253
Budweiser,2019,1524.5,8302,5.445719908166612
Budweiser,2020,1610.5,7491,4.651350512263273
Budweiser,2021,1134.5,3586,3.1608638166593215
Budweiser,2022,1085.0,2117,1.9511520737327188
Budweiser,2023,1147.5,2787,2.4287581699346403
Budweiser,2024,1419.5,3016,2.1246917928848186
Budweiser,2025,1184.0,2536,2.141891891891892
Budweiser,2026,949.0,4000,4.214963119072708
Pepsi,2016,2960.0,4422,1.4939189189189188
Pepsi,2017,2778.0,4603,1.6569474442044636
Pepsi,2018,2610.0,5918,2.267432950191571
Pepsi,2019,2382.0,5596,2.3492863140218305
Pepsi,2020,2082.0,3682,1.7684918347742555
Pepsi,2021,2105.5,3347,1.5896461648064593
Pepsi,2022,2067.0,3217,1.5563618771165941
Pepsi,2023,2380.0,3172,1.3327731092436974
Pepsi,2024,2652.5,3039,1.1457115928369463
Pepsi,2025,2505.0,38199,15.249101796407185
Pepsi,2026,1623.0,2364,1.456561922365989
Doritos,2016,1477.0,3357,2.2728503723764386
Doritos,2017,1307.0,1813,1.3871461361897475
Doritos,2018,1060.0,6500,6.132075471698113
Doritos,2019,1145.5,1640,1.4316892186817984
Doritos,2020,1080.5,1861,1.7223507635354003
Doritos,2021,1197.0,2839,2.371762740183793
Doritos,2022,952.5,1383,1.4519685039370078
Doritos,2023,928.5,1608,1.7318255250403878
Doritos,2024,943.0,1298,1.376458112407211
Doritos,2025,1020.0,2132,2.0901960784313727
Doritos,2026,739.5,892,1.2062204192021637
Kia,2016,91.0,117,1.2857142857142858
Kia,2017,88.5,97,1.0960451977401129
Kia,2018,76.5,90,1.1764705882352942
Kia,2019,78.5,176,2.2420382165605095
Kia,2020,66.5,87,1.3082706766917294
Kia,2021,1908.5,4112,2.154571653130731
Kia,2022,2413.5,2808,1.163455562461156
Kia,2023,2413.0,2654,1.0998756734355575
Kia,2024,2129.0,2298,1.0793799906059183
Kia,2025,1970.0,1734,0.8802030456852792
Kia,2026,1574.5,1598,1.0149253731343284
Coca-Cola,2016,6418.0,7455,1.1615768152072297
Coca-Cola,2017,6706.5,9290,1.3852232908372475
Coca-Cola,2018,5909.5,7794,1.3188933073864118
Coca-Cola,2019,5876.5,7515,1.2788224283161747
Coca-Cola,2020,28717.0,31771,1.1063481561444442
Coca-Cola,2021,16917.5,7505,0.4436234668242944
Coca-Cola,2022,6937.5,6633,0.9561081081081081
Coca-Cola,2023,4870.5,5333,1.0949594497484858
Coca-Cola,2024,7502.0,9056,1.2071447613969608
Coca-Cola,2025,4746.0,8724,1.838179519595449
Coca-Cola,2026,3597.0,3794,1.0547678621073115
Hyundai,2016,1997.5,2352,1.1774718397997497
Hyundai,2017,1976.5,2870,1.4520617252719454
Hyundai,2018,2041.0,3012,1.4757471827535522
Hyundai,2019,2088.5,2912,1.3943021307158248
Hyundai,2020,2538.5,3985,1.5698246996257632
Hyundai,2021,2633.0,3680,1.3976452715533612
Hyundai,2022,2550.0,2899,1.1368627450980393
Hyundai,2023,2625.5,2767,1.0538944962864216
Hyundai,2024,2649.0,2446,0.9233673084182711
Hyundai,2025,2313.0,1969,0.8512753999135322
Hyundai,2026,1633.5,1995,1.221303948576676
NFL,2016,7410.5,55549,7.4959854260846095
NFL,2017,7240.0,61552,8.501657458563535
NFL,2018,6856.5,61145,8.917815211842777
NFL,2019,6895.0,66703,9.674111675126904
NFL,2020,8809.0,63852,7.248495856510387
NFL,2021,6778.5,55840,8.237810725086671
NFL,2022,10828.5,55823,5.155192316572009
NFL,2023,7775.0,57966,7.455434083601286
NFL,2024,11284.5,105681,9.365146882892462
NFL,2025,8269.0,69596,8.416495344056113
NFL,2026,7711.0,45657,5.921021916742316
Toyota,2016,4677.0,4797,1.0256574727389351
Toyota,2017,4486.5,4590,1.0230692076228687
Toyota,2018,4250.5,4718,1.1099870603458417
Toyota,2019,4651.0,4730,1.0169855944958073
Toyota,2020,4511.5,5738,1.2718608001773246
Toyota,2021,4012.0,4202,1.047357926221336
Toyota,2022,4455.0,4190,0.9405162738496072
Toyota,2023,4168.0,4360,1.0460652591170825
Toyota,2024,4805.0,4475,0.931321540062435
Toyota,2025,3987.5,3458,0.8672100313479624
Toyota,2026,3003.0,3256,1.0842490842490842
E-Trade,2016,408.5,546,1.3365973072215422
E-Trade,2017,342.5,434,1.2671532846715328
E-Trade,2018,442.0,986,2.230769230769231
E-Trade,2019,332.5,398,1.1969924812030075
E-Trade,2020,425.5,473,1.1116333725029377
E-Trade,2021,596.0,1078,1.808724832214765
E-Trade,2022,385.0,1160,3.012987012987013
E-Trade,2023,259.5,690,2.658959537572254
E-Trade,2024,524.5,813,1.550047664442326
E-Trade,2025,540.0,329,0.6092592592592593
E-Trade,2026,196.5,425,2.162849872773537
